image,label
train\000043_jpg.rf.a935aebf3ae4bb68cc9324f237183030.jpg,Stratocumulus
train\000004_jpg.rf.688d9a277cf0c706aee8eb6159112012.jpg,Stratus
train\000027_jpg.rf.187a3dc97e73f21954d330f4eb20dfd8.jpg,Stratocumulus
train\000076_jpg.rf.022e72989e244387cfb678a57d4c7100.jpg,Stratocumulus
train\000054_jpg.rf.38afcfcac09e59f114786a014400eb9d.jpg,Stratocumulus
train\000062_jpg.rf.5391d301feae8a50fd327e21f1fd5806.jpg,Altocumulus
train\000067_jpg.rf.70332805021836da432c221826b50923.jpg,Stratocumulus
train\000061_jpg.rf.9916b04b7f8c377ad24d2a02c868e2cd.jpg,Altocumulus
train\000051_jpg.rf.32ffa42609de9a6e288bc8a8b2607741.jpg,Stratocumulus
train\000059_jpg.rf.8b8623bb0417a41f7d19d815090f1609.jpg,Stratocumulus
train\000068_jpg.rf.3f21efb1fdb9b5921903f5a1d2c6ffa8.jpg,Altocumulus
train\000061_jpg.rf.c630559696dc32bb4571b00871e5ca78.jpg,Altostratus
train\000040_jpg.rf.44e56518629bac36563b3abf8fa4d73d.jpg,Stratocumulus
train\000064_jpg.rf.8b412b577a3521f2afde3ac9d37fc0aa.jpg,Stratocumulus
train\000018_jpg.rf.fbd41aba35e828c25cd3d0868ca22ddb.jpg,Stratocumulus
train\000019_jpg.rf.46133d9f79d23193ab4761d648a72a5e.jpg,Stratocumulus
train\000066_jpg.rf.3a8406c8974473d1ae63dc6c01bde304.jpg,Capcloud
train\000052_jpg.rf.db4ed5ba0149e50d95a84209f2b7f335.jpg,Stratocumulus
train\000065_jpg.rf.63b93d1348c94bbfd275b33cd9f65c81.jpg,Capcloud
train\000052_jpg.rf.13b09b5f205a13f37da0a2ecae30ede0.jpg,Stratocumulus
train\000008_jpg.rf.47d119912e6a8c5799f57f3f54c3cc5f.jpg,Stratocumulus
train\000063_jpg.rf.c6fdc3c0868bee0a09609068f3822f47.jpg,Stratocumulus
train\000070_jpg.rf.a52f493cf1e40e042c6ab3c3ba74487e.jpg,Altostratus
train\000063_jpg.rf.56987e84c5844afaf404eaa1717372b9.jpg,Altocumulus
train\000059_jpg.rf.4037b7fd9d23d7a3b7e688c5af1fee4e.jpg,Stratocumulus
train\000064_jpg.rf.9b2b43acb0036199656f3ecc97144bc6.jpg,Altostratus
train\000070_jpg.rf.060850419cfba8ca2198ef3dc7330aea.jpg,Altostratus
train\000045_jpg.rf.918df31449835ead7661c0a5b6560cc1.jpg,Stratocumulus
train\000017_jpg.rf.bdb7f7fbd55ad39316085c74edf22175.jpg,Stratocumulus
train\000064_jpg.rf.dd2bdb477402cb1b9be5e53f554dbecd.jpg,Capcloud
train\000014_jpg.rf.4c1de06171e223a63fa682ef54ce6baf.jpg,Stratocumulus
train\000073_jpg.rf.045e03e1d0d8e4b934df4545d99477c8.jpg,Altostratus
train\000054_jpg.rf.02f10006086a78f41a1a27fd00fa5c23.jpg,Stratocumulus
train\000047_png.rf.45f09ab2878c1f54b113fa01cd967c7a.jpg,Stratus
train\000070_jpg.rf.0f9c64b3b5c6bd4e4d8135cc34763582.jpg,Altocumulus
train\000075_jpg.rf.510ed6b84e4cc775f1e580becce06ec0.jpg,Stratocumulus
train\000073_jpg.rf.7d9e1d4c009609acc74a55d5e433885e.jpg,Altostratus
train\000064_jpg.rf.ccf19c510fcdd02e4bfed27587775a06.jpg,Stratocumulus
train\000055_jpg.rf.31b7aa7064bb04c09f410c65fa495134.jpg,Stratocumulus
train\000002_jpg.rf.9ffa4906d7231a6ffed81883bb106a73.jpg,Stratus
train\000066_jpg.rf.d30feed87c5563dd8624e643fbdca0a2.jpg,Capcloud
train\000002_jpg.rf.64b535a0d04a647d04ca200670be8d18.jpg,Stratus
train\000067_jpg.rf.e1b70b0865bbd2ba9cd1590e63da6591.jpg,Stratocumulus
train\000004_jpg.rf.3f9e985916f97c27a081731afd0437ba.jpg,Stratus
train\000008_jpg.rf.1ac0509fede662608481bd41698a6422.jpg,Stratus
train\000067_jpg.rf.afbbf3cc34243715662a5539b90af1d0.jpg,Altocumulus
train\000051_jpg.rf.000e9c1a0ae3c69732a58c72fef8c0a5.jpg,Stratocumulus
train\000056_jpg.rf.20b67dd94a63db9cc670837acedc4507.jpg,Stratocumulus
train\000047_png.rf.96e0262a86595226376130d4017fd136.jpg,Stratus
train\000022_jpg.rf.a724fe3b4a29bc7283cb40132289e90c.jpg,Stratocumulus
train\000050_jpg.rf.97e2890a139b020089a15a3fe91d3154.jpg,Stratocumulus
train\000076_jpg.rf.e0b75f31fa44b894840e4452dfdceec1.jpg,Stratocumulus
train\000003_jpg.rf.1760e48f54039818e0be9842df9f19e1.jpg,Stratocumulus
train\000059_png.rf.75b67a86a44fc8a19beea9311666688a.jpg,Altostratus
train\000021_jpg.rf.2296efcb4b98e28d247cfa6c5a8f540d.jpg,Stratocumulus
train\000068_jpg.rf.0d2ddb5a135cc6a900ccfeaec78d32c9.jpg,Altocumulus
train\000063_jpg.rf.d9020cc7db89c83a9121b3014348b560.jpg,Altostratus
train\000056_jpg.rf.0547f708650c1e66c17a1e4313883e37.jpg,Stratocumulus
train\000006_jpg.rf.08a15e6e2aafb0269215397da9448b6a.jpg,Stratocumulus
train\000063_jpg.rf.d8605719410926c58ddd42aa67f89af4.jpg,Stratocumulus
train\000070_jpg.rf.e899608b89f8fd30b39ad27b7e7f20bb.jpg,Altocumulus
train\000055_jpg.rf.e997dda26c8b9ee03ca4efa403676e15.jpg,Stratocumulus
train\000039_jpg.rf.5cbc7c5655ef2827167d8bd4d9e58de1.jpg,Stratocumulus
train\000015_jpg.rf.adca0fb4d685bb4d744784aee3ccccf8.jpg,Stratocumulus
train\000011_jpg.rf.a170d9e13b2f6e39e4331bcf8d4712e2.jpg,Stratocumulus
train\000063_jpg.rf.b25ba02bd8adfa550c2a5350aa160eed.jpg,Capcloud
train\000005_jpg.rf.bf463ecd77e9be08bf8a7ca50c7034a1.jpg,Stratocumulus
train\000001_jpg.rf.a8a7cecc81679e6ea8c94bb7420d20e3.jpg,Lenticular
train\000060_jpg.rf.3b94a97728e446528523c6dd5c7ebfbe.jpg,Haze
train\000045_jpg.rf.702d85289a40f1a70872ee5193c960a4.jpg,Lenticular
train\000034_jpg.rf.8ffbf33cd69c900a8588f6b5e591aa7c.jpg,Altocumulus
train\000030_jpg.rf.8c815548b75c287254a5c2ce74426c15.jpg,Altostratus
train\000044_jpg.rf.99d8c6c00a196e9405835ebc997178a6.jpg,Lenticular
train\000006_png.rf.bd02d7f144c40ae1bf85306194141e93.jpg,Lenticular
train\000029_jpg.rf.367a8c367b378928674189317eaefa0b.jpg,Altostratus
train\000021_jpg.rf.875bcd47f2cc7318046bb6603585edb8.jpg,Lenticular
train\000011_jpg.rf.4090fb1a0e9ce2583c81e2d8f53204d9.jpg,Lenticular
train\000014_jpg.rf.1b9e9b19ef56cad92042ca4ce9a5da84.jpg,Lenticular
train\000029_jpg.rf.649f6ed632614f2c92eee30e0abfe880.jpg,Capcloud
train\000018_png.rf.c3e3652761119ba9c4e16342a0d1ed53.jpg,Haze
train\000020_jpg.rf.b78eb51f8849219443a83a98b7d89a8e.jpg,Lenticular
train\000031_jpg.rf.d8f071d70c8023aeda9249aa1e498d7d.jpg,Altostratus
train\000026_png.rf.e6ede662eea1dd3ef6ea9bd7e96bd486.jpg,Capcloud
train\000002_jpg.rf.b8890ae5988544058904fd6ac12afc4d.jpg,Lenticular
train\000023_jpg.rf.8ca481820b0f754ac63b2b178b31e086.jpg,Lenticular
train\000033_jpg.rf.438dceb1fe67513d85126a8cc9ef61b5.jpg,Altostratus
train\000019_jpg.rf.f7860ff885bd290c0f47af1c3fbc52da.jpg,Lenticular
train\000012_jpg.rf.c812dc251710abde8bf3184a085f2f8b.jpg,Lenticular
train\000034_jpg.rf.cc3af8d58848e2d3e399b484af05ffc8.jpg,Lenticular
train\000054_png.rf.63bd37ce709d303963d86eb62170b189.jpg,Lenticular
train\000027_jpg.rf.f6f36f244bcdb7091ee9113d068d59cf.jpg,Lenticular
train\000034_jpg.rf.07b91570dc8223147af614b9db681d7c.jpg,Altostratus
train\000029_jpg.rf.1152b0bfb302266b43e7d3970589f5e7.jpg,Altostratus
train\000042_jpg.rf.615b71bf6ab7b4afdea1dccc82540bbf.jpg,Lenticular
train\000018_png.rf.ca5ae86c1f0b42d3093543268f98da5c.jpg,Haze
train\000001_jpg.rf.d3bf000de406298a77074f1b2e6a825e.jpg,Lenticular
train\000049_png.rf.4e8d76592ab8197fee51e1786e80f81d.jpg,Lenticular
train\000030_jpg.rf.6530768a9141ed1ac31bfdbcf58eb825.jpg,Lenticular
train\000041_jpg.rf.6fa3618f55f4f1160b1e2d5f7fd31f38.jpg,Altocumulus
train\000002_jpg.rf.1f7f3e442de7046257939b9e52471f40.jpg,Nimbostratus
train\000046_jpg.rf.c10b31608dc183ceffd86deb895d4cde.jpg,Lenticular
train\000026_jpg.rf.7bf36f1a2dd5b0ea7966f883a7ab63e7.jpg,Lenticular
train\000005_jpg.rf.17bb10a69b67b2eeb91472b9f3829293.jpg,Nimbostratus
train\000054_png.rf.5e77a44da53f62074c4cd8e440cd3306.jpg,Lenticular
train\000073_jpg.rf.30ee2d3583205a9cd7941880977eda0b.jpg,Lenticular
train\000035_jpg.rf.d518ca58610aa64035b2edb3d56d9fa9.jpg,Altocumulus
train\000029_jpg.rf.44329a3b242d6c8c785a764e1b6badf0.jpg,Lenticular
train\000041_jpg.rf.e57cb1f3c4c294b2a6a8f8da771f03f9.jpg,Altocumulus
train\000060_jpg.rf.a88e21008b7ade9aa288c1221009d2ad.jpg,Haze
train\000065_jpg.rf.4bad5f37781373457807ce3eeb7de1aa.jpg,Lenticular
train\000039_jpg.rf.23f31edda06b14d8a34746e92ec92fec.jpg,Altocumulus
train\000009_jpg.rf.49767eae7cdcd714d3b86ce40c902f2f.jpg,Nimbostratus
train\000043_jpg.rf.470bd6dc721c113c6a4d535227973094.jpg,Altostratus
train\000001_jpg.rf.9c89da4dada3c6ff2dfe250a3eba892b.jpg,Nimbostratus
train\000034_jpg.rf.46c193e6ce7eb8e66daf418d9bf971cb.jpg,Altocumulus
train\000030_jpg.rf.d97d32e16f2049ecb613f619be2cfe53.jpg,Capcloud
train\000008_jpg.rf.1db6ba2c79942b4befeb00eac7616b56.jpg,Nimbostratus
train\000042_jpg.rf.19f63e367bc26920a335ea6bea24551e.jpg,Lenticular
train\000076_jpg.rf.6803fb3fa3bea2b2e125b22a70556d22.jpg,Lenticular
train\000044_jpg.rf.c0cabe563ba1a1f0a2c83c031e487668.jpg,Lenticular
train\000012_jpg.rf.6985228d92710aa99d6af1b4543c8e59.jpg,Lenticular
train\000002_jpg.rf.7bf4e0290d3373daab6dab32d628a281.jpg,Lenticular
train\000014_jpg.rf.ec286fb04f2afd024e7d9ad85992e63d.jpg,Nimbostratus
train\000024_jpg.rf.1d43b8427b6278d9339a2075fe69cbc2.jpg,Nimbostratus
train\000004_jpg.rf.b8c042b826a5862ffc06524350828124.jpg,Nimbostratus
train\000033_jpg.rf.d8669764c23b1d7c70385a360bd1ee00.jpg,Capcloud
train\000011_jpg.rf.adadcf9e321bf421bf3a9d670085177b.jpg,Lenticular
train\000065_jpg.rf.55a43f3bf39e8030c3cb8f63c2c8b59c.jpg,Lenticular
train\000069_jpg.rf.fd98dba774a99ce33b01dedcd5b1a0f5.jpg,Lenticular
train\000033_jpg.rf.77057e7565eda670be829bbfe68b8155.jpg,Capcloud
train\000022_jpg.rf.fcb4e29847b9222e2759f5dff551e31a.jpg,Nimbostratus
train\000023_jpg.rf.05bc905fe8edd234c76969994c582172.jpg,Nimbostratus
train\000045_jpg.rf.acf9ae29630feceac018de06286e5df2.jpg,Lenticular
train\000048_jpg.rf.2156a2fbcd705eb56c9771a31e8100c9.jpg,Altocumulus
train\000009_jpg.rf.148b339c421608ad136ee701bb1e0eac.jpg,Nimbostratus
train\000045_jpg.rf.f690d6527fcb5d774d54aef7f4498408.jpg,Capcloud
train\000034_jpg.rf.e168cc90974c7ba90c0759abc603210c.jpg,Altostratus
train\000030_jpg.rf.6fceffd878e360872d844aacb74f24ff.jpg,Altostratus
train\000016_jpg.rf.4df3141558ed27d13f33efb2d2c378fd.jpg,Nimbostratus
train\000027_jpg.rf.19b0188e7c84ea82654c0143743f60b2.jpg,Nimbostratus
train\000069_jpg.rf.7ab13b073d9a0c5bfa95f3fc3c48f474.jpg,Lenticular
train\000006_png.rf.8defa8119bca157493609afe4f304d5d.jpg,Lenticular
train\000049_png.rf.4e7c8fd577179dbe1bc0a04ede00628c.jpg,Lenticular
train\000068_jpg.rf.c2a9115b32ab664100fa37ab2aac3166.jpg,Nimbostratus
train\000029_jpg.rf.544d1c0b1d46b17e08b8826e296e7862.jpg,Nimbostratus
train\000019_jpg.rf.621a8db87e561c2e9c3bb19314d5cfbf.jpg,Lenticular
train\000043_jpg.rf.f35451e514b0aa57f66c89a926385d01.jpg,Altostratus
train\000022_jpg.rf.1c8ce136ca90ee6f0349545f44680099.jpg,Nimbostratus
train\000073_jpg.rf.0c2988d022727075b7c34a072d87d4c5.jpg,Lenticular
train\000004_jpg.rf.5eadbff46a5187b155b375e0323c48a2.jpg,Nimbostratus
train\000049_jpg.rf.836541c084d568bb044362f6e9a7e879.jpg,Altocumulus
train\000026_png.rf.a4e618278328593b66fc4e546060379c.jpg,Capcloud
train\000049_jpg.rf.162f77e62a0d128e35c9660efe682bc5.jpg,Altostratus
train\000014_jpg.rf.b91c7c94276b9e43854c158c448ff94b.jpg,Lenticular
train\000049_jpg.rf.ac9731d6a67cab66dd83f88473f4f115.jpg,Altocumulus
train\000053_jpg.rf.061bf8f41707200685d2dc47df9a3935.jpg,Altocumulus
train\000001_jpg.rf.b1ad19abc586810c2335865712a68fe2.jpg,Nimbostratus
train\000027_jpg.rf.6547eeca3a2187d2f8d5c6559cfcace0.jpg,Nimbostratus
train\000013_jpg.rf.598ea9071b952d5b85fc3c7c80ba15a0.jpg,Nimbostratus
train\000029_jpg.rf.14dc4f2cdb6ec7f5963a5426c6b4a67e.jpg,Nimbostratus
train\000042_jpg.rf.bed260438abc5933bfb08eef91f859f8.jpg,Altostratus
train\000076_jpg.rf.ab859283d154f517a69fd36de186b103.jpg,Lenticular
train\000024_jpg.rf.02599667d9743478df038e890ff38619.jpg,Nimbostratus
train\000002_jpg.rf.d52dc91f08da4d5872dab3787473fc71.jpg,Nimbostratus
train\000008_jpg.rf.cf0ac033f987762a4e61ce171cfe03f7.jpg,Nimbostratus
train\000011_jpg.rf.5e622a0b943bf89d17c1bb1728fcbe4b.jpg,Lenticular
train\000064_jpg.rf.0836fac9134c6ff719a4753a0392b46b.jpg,Nimbostratus
train\000023_jpg.rf.d48ed6fe286687f8574fc40e09668558.jpg,Nimbostratus
train\000005_jpg.rf.fa49163d39c2d3247480754de87846d4.jpg,Nimbostratus
train\000042_jpg.rf.920d10ab49bc241ac664cdc41d219156.jpg,Altostratus
train\000012_jpg.rf.e27a8204b828ab1e29ec0bef6b7a105e.jpg,Lenticular
train\000006_png.rf.e344c9023cdad4f273b65757545bd671.jpg,Lenticular
train\000019_jpg.rf.fb47282c37b048a487423b4dbf495e11.jpg,Lenticular
train\000050_jpg.rf.3a1e8ecced48bd8342d3da42a80fdc4f.jpg,Altocumulus
train\000014_jpg.rf.b1ebc8ed1f3070e9119841829fb1c8b7.jpg,Lenticular
train\000017_jpg.rf.37e8bc1fbe1530739a7505c5dad90b50.jpg,Nimbostratus
train\000021_jpg.rf.4e13fe674e9d81abf5b5faa1705fd663.jpg,Nimbostratus
train\000035_jpg.rf.bc4028fe22be35959220487b0cc1e406.jpg,Nimbostratus
train\000050_jpg.rf.a4915dfc89384ed5f98f62f21c7611eb.jpg,Altocumulus
train\000045_jpg.rf.5679dfc9fbfe4d1364f27001ffd80858.jpg,Capcloud
train\000036_jpg.rf.2c7720420a64202daa74a33c4ce1384a.jpg,Nimbostratus
train\000014_jpg.rf.0906cf343dc12defe9cdce902d0d042f.jpg,Nimbostratus
train\000046_jpg.rf.d6ead72b2cc284f78e371424c34310cf.jpg,Lenticular
train\000035_jpg.rf.91c4a40a8d0ac38d87116330b2fae407.jpg,Nimbostratus
train\000021_jpg.rf.3736f543feff4865a94ef6b9d592aa77.jpg,Nimbostratus
train\000013_jpg.rf.aa00320ee07f31e65a42c846448a573e.jpg,Nimbostratus
train\000049_jpg.rf.9fc84214225668ee5a4e80408cf42eb4.jpg,Capcloud
train\000031_jpg.rf.ad189e153fd0a9ae31e9fbc0a1069c2f.jpg,Altostratus
train\000020_jpg.rf.1def6558d14835d13a58946df33f8ce7.jpg,Nimbostratus
train\000037_jpg.rf.67f0d7ac8b64d6a2e61513b3c4b11306.jpg,Lenticular
train\000026_png.rf.fe9e52951708875f84c5b0b8a17b789f.jpg,Capcloud
train\000020_jpg.rf.f2f8c65ca2b323b6f7d95a0f51845f68.jpg,Nimbostratus
train\000009_jpg.rf.d86a600f876a422cd64ee5953189c455.jpg,Nimbostratus
train\000017_jpg.rf.f2337afab6a2edafb41233e9959e09fb.jpg,Nimbostratus
train\000043_jpg.rf.f4c635c1edcbcc21da5582d256001440.jpg,Altostratus
train\000048_jpg.rf.2c8ae7c5d73525122883d54e6e25657f.jpg,Nimbostratus
train\000030_jpg.rf.646120fcdc414107265c2730cc85a263.jpg,Altostratus
train\000016_jpg.rf.4504010d74d7044d7a00dd42e9fba7fc.jpg,Nimbostratus
train\000048_jpg.rf.efa6b52f7c7f1d01fbfd456d1c8e28e0.jpg,Altocumulus
train\000035_jpg.rf.007c2458eb5a2986e54efbe8c9a7bb4a.jpg,Altocumulus
train\000052_jpg.rf.a78d832c634cb5e1048405ccdf4435cc.jpg,Nimbostratus
train\000043_jpg.rf.2a96cde0ed9534142ba2ad19ccfceba7.jpg,Nimbostratus
train\000008_jpg.rf.02c790c30fe6d8ce2bfba511ee9096a5.jpg,Nimbostratus
train\000035_jpg.rf.a108ac491c4758c4d6f922b55e2956bc.jpg,Altocumulus
train\000052_jpg.rf.f34cd74f5505c44a12284ecda2da2cc5.jpg,Altocumulus
train\000041_jpg.rf.cd1915efd5f0c5df2799bd1191a652ed.jpg,Altostratus
train\000046_jpg.rf.1b9fb20ec708dbaec55f5937b9bb5f8f.jpg,Altostratus
train\000048_jpg.rf.b8b35e5de54af870781a0f5b340a8c40.jpg,Altostratus
train\000049_jpg.rf.9cb674a51fd7946bff4ba271da2c6f0a.jpg,Nimbostratus
train\000054_jpg.rf.928f9337d803f0bcf249e9627bd6b5c9.jpg,Nimbostratus
train\000049_jpg.rf.f2e3d70afe51171f8820fb129bc54796.jpg,Altostratus
train\000049_jpg.rf.98d48ee6eb400b938f92b36e0b8e24c5.jpg,Capcloud
train\000044_jpg.rf.24dab3b319613900da41b122cb55963c.jpg,Nimbostratus
train\000046_jpg.rf.65f1928253d3b2baa3e4c6e1d0ce575c.jpg,Altostratus
train\000068_jpg.rf.5f902380385df58cb588b59808028864.jpg,Nimbostratus
train\000036_jpg.rf.dd424836137175358116e104effc0a1a.jpg,Nimbostratus
train\000051_jpg.rf.11f323fb472fcfa9486e558e5adebf66.jpg,Altocumulus
train\000001_jpg.rf.13af0e5109ef7ae1b19310449aba8d5c.jpg,Shelf
train\000053_jpg.rf.ad23e53512fe39d30549f0f7599c8cda.jpg,Altocumulus
train\000043_jpg.rf.f0fb750299f8fb3fcaf0ef3cf37ae4c5.jpg,Nimbostratus
train\000049_png.rf.cfe9ae14a3c8735baa3d196cd865eee1.jpg,Capcloud
train\000064_jpg.rf.f8389c2fe81d77b9995ede9cb036c333.jpg,Nimbostratus
train\000011_jpg.rf.ea0da0f06721fb08fc4f57c3568c3584.jpg,Shelf
train\000048_jpg.rf.ab308e6f627751a065df5ff956e49cb5.jpg,Altostratus
train\000054_jpg.rf.f9a60e17d92f79dc7235c7e885339baa.jpg,Nimbostratus
train\000041_jpg.rf.9934612909e9eba9fc97e25d649d3dac.jpg,Altostratus
train\000049_jpg.rf.541c34a1e217c5595caf3f892c83a4af.jpg,Altostratus
train\000054_jpg.rf.37cec0bc476e3c08f448d469c5df8a14.jpg,Lenticular
train\000036_jpg.rf.e9a284efcf387dd22b4d53722864dc16.jpg,Shelf
train\000038_jpg.rf.57e5bcc28f4dd14cc752660ed6784723.jpg,Nimbostratus
train\000070_jpg.rf.428712402b1b1f495f8ae95fb8687a29.jpg,Nimbostratus
train\000005_jpg.rf.3fd504c68e26c76a9bc19df9c703b914.jpg,Shelf
train\000054_jpg.rf.60d3f70b0116fccb5d199918eb0f1f4b.jpg,Lenticular
train\000050_jpg.rf.dfa5748a3cd13618773f251376431bca.jpg,Altostratus
train\000064_jpg.rf.fc1582c77600f66ce8503989f69bf9d0.jpg,Nimbostratus
train\000044_jpg.rf.04223f3064ff998127eb1eccfbf4aa4e.jpg,Nimbostratus
train\000006_jpg.rf.653b0c991d092d51ce3e7c30c10f9eca.jpg,Stratocumulus
train\000061_jpg.rf.4bf771b4732255c334a6488ab1c48607.jpg,Altocumulus
train\000039_jpg.rf.0618c8c1da14d32a8c21c70a04b3ea1e.jpg,Shelf
train\000053_jpg.rf.9620434126aefea2b3680a6175896bee.jpg,Capcloud
train\000019_jpg.rf.0e3d0119df0b28e8448970d1f6cced8c.jpg,Nimbostratus
train\000049_jpg.rf.dcd20a77668a2afc8afcd7eee2946bf8.jpg,Nimbostratus
train\000056_jpg.rf.be10fff20c91fc2c6f64a91b0c402824.jpg,Altostratus
train\000059_jpg.rf.c8654eb00d2a5e3734342c9480461203.jpg,Nimbostratus
train\000019_jpg.rf.c53550ee5a62bed49fe03e7b5fdd427f.jpg,Nimbostratus
train\000059_jpg.rf.8e48bd20deff74052e34c5115364fdc6.jpg,Nimbostratus
train\000059_jpg.rf.c07020fb0d8673c8ab485e3ebd676d73.jpg,Altocumulus
train\000057_jpg.rf.8d3b82f108077571f98e9dfece457f26.jpg,Capcloud
train\000051_jpg.rf.352c394cd90ed5ac48b102cc1a6532dd.jpg,Altocumulus
train\000048_jpg.rf.509946af0d17bebcbf7ddb63862fc19a.jpg,Nimbostratus
train\000070_jpg.rf.8c1a0067d63e2f77b4c62bbe6e4bde45.jpg,Shelf
train\000035_jpg.rf.f5aa188bfc779122a5d6d5e197f0965c.jpg,Shelf
train\000016_jpg.rf.78a4bb818aae5c97246991c4132044b3.jpg,Shelf
train\000035_jpg.rf.b2ec5517bd917d26bccd73896797a243.jpg,Shelf
train\000032_jpg.rf.6227e6070c0da03a5fe28c5e0d60543d.jpg,Shelf
train\000057_jpg.rf.80fd159104be873109b109d5cc623383.jpg,Altocumulus
train\000059_jpg.rf.a0182c60e920a64001f91d7125ed1eca.jpg,Altocumulus
train\000062_jpg.rf.8f5bc08d14dfa3d84e656b26e5bde2b9.jpg,Capcloud
train\000003_jpg.rf.4cfe86684d0a5bd3fe0457102142b20e.jpg,Stratocumulus
train\000049_jpg.rf.28fe73d4521b9662b0f321280c8c0f70.jpg,Shelf
train\000031_jpg.rf.5dd8d15638e2abd39c967c111a5508a0.jpg,Shelf
train\000005_jpg.rf.a67efa974a85f0d60791e174bf96c9b0.jpg,Stratocumulus
train\000003_jpg.rf.db7921b513933f2e681f05031e1f1936.jpg,Stratocumulus
train\000060_jpg.rf.87cce29ffea8dba740282ade7e79ddd5.jpg,Capcloud
train\000034_jpg.rf.2d52ab9c33cef6d8c959d092f84177b5.jpg,Shelf
train\000063_jpg.rf.d5b60db18b6b593571f570fc553062fc.jpg,Shelf
train\000062_jpg.rf.cbd0153b0a4da06aab0d42c8f76b4344.jpg,Capcloud
train\000010_jpg.rf.dfce35b263f6d3d8e6e13d20764dac3a.jpg,Altocumulus
train\000042_png.rf.2505d75139cbd6a6429f70d12f4bff94.jpg,Cumulonimbus
train\000003_jpg.rf.b7ce3c1289062eb58aabd7eb96c42380.jpg,Cumulus
train\000026_jpg.rf.c96d3e666dddd11b07142e8023f8f4f8.jpg,Cirrostratus
train\000025_jpg.rf.b7c27eb865d0e06834d1f2b6f96f3157.jpg,Cirrostratus
train\000029_jpg.rf.b771a987febe5eacd948045d8755ae7f.jpg,Cumulonimbus
train\000057_jpg.rf.c771257a0c77748b039edbd643f00326.jpg,Cirrocumulus
train\000012_jpg.rf.20f2e2eac88dc7655698c6112ecd6865.jpg,Capcloud
train\000014_jpg.rf.1c005a01b9891141ba9bf3c4368cbb0e.jpg,Altostratus
train\000014_jpg.rf.6ed6127b6b30fa907769db571c650254.jpg,Cumulonimbus
train\000018_jpg.rf.02a8d651cfdbb06f49a3ce452f048217.jpg,Cirrostratus
train\000018_jpg.rf.a2873f7e61b4d0d80e2fec3e608a6212.jpg,Altostratus
train\000069_jpg.rf.f742d39d4af2b42e565fd13d94b20682.jpg,Cirrostratus
train\000042_jpg.rf.323039aa35a737bf9cfb6c10dcd5fc26.jpg,Cirrostratus
train\000044_jpg.rf.9833181315d9f4efa1adcd242f6809ce.jpg,Cumulonimbus
train\000019_jpg.rf.9ed9e8c92472ba1c970ecb0ca49407cc.jpg,Altocumulus
train\000038_jpg.rf.9573d72d6a4442ec785aa4bc5035a8de.jpg,Cirrostratus
train\000031_jpg.rf.927b301ebeead554e78fde63d2361678.jpg,Cirrostratus
train\000031_jpg.rf.52facb2629ad4e08957571d6cf11ed0d.jpg,Cirrostratus
train\000001_jpg.rf.781fe3bb92fc2d28d53bcab135e46fe0.jpg,Cumulus
train\000007_jpg.rf.59b517448b80a9b8e06c851a7677697b.jpg,Altostratus
train\000031_jpg.rf.5e6db9e1506079ae22291dcee150d89a.jpg,Cumulonimbus
train\000080_jpg.rf.abd83c56ff6913a40dc489cc4627a188.jpg,Cumulonimbus
train\000052_jpg.rf.16458947d337e20b73531336096bf32a.jpg,Cirrostratus
train\000006_jpg.rf.c8e717c8eeb205188301022bf212a473.jpg,Cumulus
train\000015_jpg.rf.e4d96e4432109690227c839aa3dc154d.jpg,Altocumulus
train\000040_jpg.rf.62ac96e63ed012ca3d76717e71fec8ff.jpg,Cirrostratus
train\000016_jpg.rf.f4e9db1e8be8e8e93cadf9e161ea206a.jpg,Capcloud
train\000038_jpg.rf.4e226bd4a244001033a6d15e403e81fe.jpg,Cirrostratus
train\000048_jpg.rf.58ee1bb109d9340828358301e1d13148.jpg,Cirrocumulus
train\000053_jpg.rf.d3002da985d958881fcd07700868dc19.jpg,Cirrostratus
train\000009_jpg.rf.a0ac41e070481f6efdbbe012428a871d.jpg,Cumulonimbus
train\000015_jpg.rf.3178c1fe6f8ea646898d2088c4961dbd.jpg,Altostratus
train\000047_jpg.rf.2f58f6d97a3fc4687b35fcbb7a1946e0.jpg,Cumulonimbus
train\000005_jpg.rf.460c45b73fff6ab622af5937037c4c6c.jpg,Cumulonimbus
train\000051_jpg.rf.d4587da21039c76c420db8bbf4f3db79.jpg,Cirrostratus
train\000027_png.rf.5615f585aaee55ce0de31b489275feda.jpg,Cirrus
train\000019_jpg.rf.0288d82072c310896cb185cf9b84b6c9.jpg,Altocumulus
train\000031_jpg.rf.603497f0caf0fd4c1808007b8c7f48d8.jpg,Cumulonimbus
train\000016_jpg.rf.e1db0e4e9a36521e4f23638c495c0f52.jpg,Altostratus
train\000017_jpg.rf.5a6be7de741ff57c68188e61ece5e119.jpg,Altocumulus
train\000016_jpg.rf.74a47bf7893cff27a88baf211a3ddb55.jpg,Altostratus
train\000022_jpg.rf.f449ea5a92323881fe8e5c2d37e9f8ba.jpg,Altocumulus
train\000035_jpg.rf.39157d6313feccca3f33e7836afe1e5f.jpg,Cumulonimbus
train\000008_jpg.rf.3ece9b20aa9bd749d9eb8590e6262ca8.jpg,Capcloud
train\000044_jpg.rf.c3414f60b7e57f5ff34cd2110506167c.jpg,Cirrus
train\000058_jpg.rf.6cd56117e632581f8c2427f14ad890f1.jpg,Cirrostratus
train\000042_jpg.rf.c5e7adcf4cd3a109e8624f92a0ea2255.jpg,Cumulonimbus
train\000012_jpg.rf.7d99b52dde8c847de7745faec292d954.jpg,Cumulonimbus
train\000001_jpg.rf.61501ddecd3d4098475cba8bac7a6da9.jpg,Cirrus
train\000030_jpg.rf.b79f10e5aaf112628d4e3a5ee0e3c40b.jpg,Cirrostratus
train\000016_jpg.rf.efae4b70bf3f733de7a4e4495a1d84d4.jpg,Altocumulus
train\000032_jpg.rf.ea4001e83b29afe8c047993afa62f048.jpg,Cumulus
train\000010_jpg.rf.b775ad09cd7d1e4f3a4f84a6a88227c4.jpg,Cumulonimbus
train\000012_jpg.rf.ede5331f5dd908f7a936dc39cbb5914a.jpg,Altocumulus
train\000015_jpg.rf.5b2747da60856cf00cf4fa10d693fa0c.jpg,Altostratus
train\000015_jpg.rf.bd9dc56856956c2bee654d4cebb34d85.jpg,Capcloud
train\000009_jpg.rf.7f11a1a4f6903d9833b6f5e553efc73e.jpg,Cumulonimbus
train\000060_jpg.rf.abcf232c4629ce76a445940dd8f69fa3.jpg,Cirrus
train\000014_jpg.rf.a71c697b167882ae22f34e0249bcd5e1.jpg,Capcloud
train\000009_jpg.rf.fedd8b17f167d0e6c259d9dfa3fb8252.jpg,Cumulonimbus
train\000010_jpg.rf.2727bc35d0838100ccd0be470677f038.jpg,Cumulonimbus
train\000042_png.rf.a8656179fcc8dfd59e2e4a1f862f220c.jpg,Cumulonimbus
train\000031_jpg.rf.369a6169807b468424e17151998367a7.jpg,Cumulus
train\000017_jpg.rf.8f682af5bad53f47373961aa8cf8a97a.jpg,Altocumulus
train\000041_jpg.rf.757370e4022685973fd22e439c266d8f.jpg,Cirrus
train\000052_jpg.rf.2990831c1d6d8487ceb10d4f8a95108e.jpg,Cirrocumulus
train\000066_jpg.rf.e280422b8e3a8a63e7df9ca329909214.jpg,Cumulonimbus
train\000041_jpg.rf.4ab76b3f75c17cbabe11e4e5b2b5de0d.jpg,Cumulonimbus
train\000026_jpg.rf.b94ed06a3999b4871d17070013630b6c.jpg,Cumulonimbus
train\000027_jpg.rf.bf4597d23a437c13c04626f391ddbe04.jpg,Cumulus
train\000035_jpg.rf.bddb71dfeceea7a6b35a5a3a3e952eb2.jpg,Cumulonimbus
train\000002_jpg.rf.4b9e5d9199fdf7b6b8a82bf914683781.jpg,Cumulus
train\000018_jpg.rf.41fbbc051e659ef6e2d06d5e884b000c.jpg,Altostratus
train\000029_jpg.rf.0bde02aca9e1299af4bb92d7ceaee4d3.jpg,Cumulonimbus
train\000027_jpg.rf.917159fb601d7ff2964de23d40d877a3.jpg,Cumulus
train\000027_png.rf.1e04e66fd671bc33050feb92f0630505.jpg,Cirrus
train\000001_jpg.rf.8ee5d7f5d2cec5cc1ceaabd61be1fab1.jpg,Cirrus
train\000053_jpg.rf.00576f6b4959810d4b84a278c192fe24.jpg,Cumulus
train\000031_jpg.rf.c66b31089e9a862592ee9df81dcb6663.jpg,Cumulus
train\000020_jpg.rf.f8644cb66e8a90d94c80dd73f4cc8632.jpg,Altostratus
train\000051_jpg.rf.79c382b0847eb3e8b851457042f933a4.jpg,Cirrocumulus
train\000049_jpg.rf.930a9e10fb9903ad7f7247320bfe745a.jpg,Cirrocumulus
train\000014_jpg.rf.c944ed821c0b944962a4da5d8f3d8ca4.jpg,Cumulonimbus
train\000021_jpg.rf.b61d2cfaee4f920415fb26e9fc520a4c.jpg,Cumulonimbus
train\000022_jpg.rf.b19e590ebbbf2bddc574047c01ff7a27.jpg,Altostratus
train\000016_jpg.rf.55cf0680d0862c20868706bc362575e6.jpg,Capcloud
train\000014_jpg.rf.882b0b6ef2735f3e97c83731534d665a.jpg,Capcloud
train\000016_jpg.rf.26fab1458e8b3750cf62d14d81b0f607.jpg,Altocumulus
train\000044_jpg.rf.69dd206e166ccccc9f15fe5477d68ec2.jpg,Cumulonimbus
train\000014_jpg.rf.875fbc8ef3528ade4360f026429066e9.jpg,Altocumulus
train\000044_jpg.rf.a9273e2e6ff478b2ca7899d4d0bebba5.jpg,Cirrus
train\000015_jpg.rf.aa637dfd044ad573554e47b67007bfb4.jpg,Altostratus
train\000014_png.rf.09a663c7706f9a6c568231698b20412c.jpg,Altostratus
train\000060_jpg.rf.50444faa0ec6e19f91995057d249a82d.jpg,Cirrus
train\000019_jpg.rf.d99355c5bcd343427737d526671237ec.jpg,Capcloud
train\000005_jpg.rf.5d909bd9e7991d3051e49f24a88bf754.jpg,Cumulonimbus
train\000066_jpg.rf.894bc2b5cdbdd47912868df33b4fe479.jpg,Cumulonimbus
train\000011_jpg.rf.c14a6228f39a2c4d3c1105c3b19a0b99.jpg,Capcloud
train\000050_jpg.rf.12db7b7ce9b2b713289a536e7f96d9f0.jpg,Cumulonimbus
train\000008_png.rf.a9a74a8b0e00a752adf4b229da4c42e1.jpg,Cumulus
train\000029_jpg.rf.3ce69f7f4e62514b241c6995f8447773.jpg,Altocumulus
train\000027_png.rf.ea2455b718c4b78e11c78e8fb856ff7e.jpg,Cirrus
train\000019_jpg.rf.73bd07090ce6ad540a7cdba462e6a99a.jpg,Capcloud
train\000068_jpg.rf.077fa1d08f72e181b3cf4bf57917be63.jpg,Cumulonimbus
train\000064_jpg.rf.b74fc854c9d4be719506eacd5db60b0e.jpg,Cumulonimbus
train\000022_jpg.rf.8eb28ae21015cdfb4d7e9b166fc8d9df.jpg,Cumulonimbus
train\000020_jpg.rf.947a4fa0e447aa969e3eca308dc2c614.jpg,Altostratus
train\000031_jpg.rf.bcc8d1d948e4c4bfeb8e6242d482a24a.jpg,Cumulonimbus
train\000021_jpg.rf.5bac5c50243e0983ded99481f2adf64f.jpg,Capcloud
train\000024_jpg.rf.b77a3463e1d1ea7203143f07e4112dca.jpg,Cumulus
train\000049_jpg.rf.4cd4d3264cd2b1297fd86b839d556bd5.jpg,Cumulus
train\000020_jpg.rf.24e4561055517eb981dc167abe1243bc.jpg,Cirrostratus
train\000036_jpg.rf.382a10deb5147542d4950454c7bdffd1.jpg,Cumulus
train\000018_jpg.rf.23ea5d18c95eca2db9b366a8138a1073.jpg,Altostratus
train\000026_jpg.rf.75c1f43d25c97d5cde634c84b3104b6e.jpg,Cumulonimbus
train\000013_jpg.rf.6d7eb6e5231c99b69a07013d044b1562.jpg,Cumulonimbus
train\000050_jpg.rf.879ae33749eae8fbfc2bbbf8352a785b.jpg,Cirrocumulus
train\000013_jpg.rf.d5c651b06aee889074c0e8918732624d.jpg,Cumulonimbus
train\000042_jpg.rf.159e02e7e5973e96c0d34b41ea7de614.jpg,Cumulonimbus
train\000021_jpg.rf.d722ffcbbe413133c50d06a86724b85b.jpg,Altocumulus
train\000050_jpg.rf.a1b7c36ef1da37c21ca3248238e0c18f.jpg,Cumulonimbus
train\000048_jpg.rf.6ef1f9276d52bbef89a7a68632494c8f.jpg,Cumulus
train\000003_jpg.rf.9a1b78bac4d79eff0c187ee23a9efd97.jpg,Cumulus
train\000035_jpg.rf.105c40629712c1d6d446412b32dc0589.jpg,Cumulonimbus
train\000029_jpg.rf.229e6770a72fb75c71a6b4461a796d4c.jpg,Cumulonimbus
train\000047_jpg.rf.dc5cc85d7df7d1ded4810051a194870f.jpg,Cumulonimbus
train\000019_jpg.rf.f465fcfafc0b8dce17df47e6e41ad581.jpg,Altocumulus
train\000012_jpg.rf.5f5c4d264f6c7d07b65b51a40d1a9db9.jpg,Cumulonimbus
train\000041_jpg.rf.6d6c3e3adcbbdd6958dd0af9979fc4fc.jpg,Cumulonimbus
train\000021_jpg.rf.899057931fdb9c3812bdf0ced5ac2a48.jpg,Altostratus
train\000042_png.rf.dbd05f65dc6e205a64dfc185163c7309.jpg,Cumulonimbus
train\000012_jpg.rf.da0cbc390318f5bafa5bbefab5f61df6.jpg,Altocumulus
train\000080_jpg.rf.aec0a09d43748ade057a397634841413.jpg,Cumulonimbus
train\000001_jpg.rf.e2e06782831805fdaa064cf38cae9d35.jpg,Cumulus
train\000026_jpg.rf.75129b3a7d5793895fb8f04fceb05b28.jpg,Cumulus
train\000006_jpg.rf.c738564cb0bdf8b250ae85056ed4b339.jpg,Cumulus
train\000008_png.rf.9af645122f158affe300909e1f0e604b.jpg,Cumulus
train\000023_jpg.rf.a1cac2a1f5050b1ad6f8258ecc4e8d88.jpg,Altocumulus
train\000015_jpg.rf.4fcd442d4c879a23f1685be02c2ec37c.jpg,Capcloud
train\000068_jpg.rf.8f391daf9d0cee93f8ee597e9d438c9c.jpg,Cumulonimbus
train\000020_jpg.rf.cf3f154cba4dde5b7bc315243b539299.jpg,Cirrostratus
train\000009_jpg.rf.c525cc6bc6a8f505a30bb5e9dddba595.jpg,Cumulus
train\000022_jpg.rf.7e8cb57e1af8137649f689a2b9119458.jpg,Altocumulus
train\000069_jpg.rf.f07b42dec3c6d9bde8d55173f905e918.jpg,Cumulonimbus
train\000021_jpg.rf.ed61424f0e213e1da6c39b48a22c3376.jpg,Altocumulus
train\000069_jpg.rf.0612ab95ae4be14d7265fb2410d2a53a.jpg,Cumulonimbus
train\000050_jpg.rf.d36d861e912176ce2e440346010d2e98.jpg,Cumulonimbus
train\000076_jpg.rf.513740ab106f92bab6f1499d4c82efef.jpg,Cumulonimbus
train\000076_jpg.rf.2c812a094e81a53a097e2898da6a3fb6.jpg,Cumulonimbus
train\000019_jpg.rf.7068f394e3e7e4f2e3725bcc64aea1e5.jpg,Cumulus
train\000020_jpg.rf.d363949fb0db8846a54b66d2406d8f6d.jpg,Altostratus
train\000071_jpg.rf.e35997680e148c313dfac2e7a2713dc2.jpg,Cumulus
train\000022_jpg.rf.154bfe2af2a01980947330a5913f7e68.jpg,Cumulonimbus
train\000040_jpg.rf.733757b40d963241a634371aaa7c119b.jpg,Cumulus
train\000019_jpg.rf.ebc0f1728023ce637142366a7b2aef64.jpg,Cumulus
train\000021_jpg.rf.7fe38808fe53dd1fb63a3ee306d40d22.jpg,Altocumulus
train\000069_jpg.rf.70062c2e15da1441d7cfdd3f702def48.jpg,Cumulonimbus
train\000022_jpg.rf.96c2b98c14ccb62f585c82b03af90417.jpg,Altostratus
train\000044_jpg.rf.69ec9e50ac221f7a30e49ffa23bcd94e.jpg,Cumulonimbus
train\000058_jpg.rf.ef669ab3211c854b1fe1ee1afc0f4569.jpg,Cumulus
train\000010_jpg.rf.a18fdf07edcc8427df2983e2cf506f9a.jpg,Cumulus
train\000068_jpg.rf.99ba820d8ca4067e7ac0c1b1e9bf875f.jpg,Cumulonimbus
train\000064_jpg.rf.d52ed1af63eb3cfb13ee2b3821c14517.jpg,Cumulonimbus
train\000003_jpg.rf.42d399e4cf1438ced0a3882d2f53cc48.jpg,Cumulus
train\000002_jpg.rf.c21bf5533dcf0f3ab6f8a6209fda7004.jpg,Cumulus
train\000008_png.rf.03b6079a207a8a994e889a232f635ae8.jpg,Cumulus
train\000019_jpg.rf.8d753c6e9edc7152dcbd18d2d34e21fe.jpg,Capcloud
train\000076_jpg.rf.f05ecdbe24c3ff2e79b685e46a7777f7.jpg,Cumulonimbus
train\000071_jpg.rf.651bbf897fe65f4c61499a12397f87fa.jpg,Cumulus
train\000009_jpg.rf.f49ba1935a85d17e16fe781925f18922.jpg,Cumulus
train\000024_jpg.rf.61445ff86b9c609f36b9c045d69d0265.jpg,Cumulus
train\000026_jpg.rf.89653dcf4d911644dbe451e822d98651.jpg,Cumulonimbus
train\000016_jpg.rf.0da9ba7cb4a5c52edf3420a1ad2ec285.jpg,Capcloud
train\000071_jpg.rf.01c6e09e2347dc5cb34f15ce8f89b86d.jpg,Cumulus
train\000021_jpg.rf.167cf71d5b347fffb0ff47116897d527.jpg,Altostratus
train\000066_jpg.rf.a5ada071116d7db24ca848408d3aa522.jpg,Cumulonimbus
train\000020_jpg.rf.aa2480477330132c91a7dd3b947a2166.jpg,Cumulus
train\000023_jpg.rf.5127012860c553f60830ee742ef8fa49.jpg,Capcloud
train\000014_jpg.rf.c0864b53dbc8664c3524f4895f94065e.jpg,Cumulonimbus
train\000031_jpg.rf.408550aa632367674e72ba710b7aa25a.jpg,Cumulus
train\000053_jpg.rf.6e0034fd8923a9e73607b9f328ac924a.jpg,Cumulus
train\000064_jpg.rf.3e4b7c4d3b219690c09b9f80b896679e.jpg,Cumulonimbus
train\000006_jpg.rf.1063b13aa74db7d09b5da988ea738b1e.jpg,Cumulus
train\000017_jpg.rf.3064e0c332cbd4666edf565f9be2ce0a.jpg,Haze
train\000023_jpg.rf.16b6bf8299419025a41c1de69d618776.jpg,Capcloud
train\000020_jpg.rf.c04ee81242f9c1c460bad09a20ec2144.jpg,Cumulus
train\000026_jpg.rf.e5b34b469f377255669ca39662ffe14c.jpg,Cumulus
train\000010_jpg.rf.98066cd64c73cd28dcdfff4c49e5d33a.jpg,Cumulus
train\000027_jpg.rf.1189938c34ef33eaf6770bca13a2cf26.jpg,Altostratus
train\000021_jpg.rf.d28d252dc09e04d63cb4d4a5394712e5.jpg,Altostratus
train\000032_jpg.rf.704f07796a3b8ff29f86f85b30ed32dd.jpg,Altocumulus
train\000058_jpg.rf.2fe6e892cabfcc7fe9f1f7327226a045.jpg,Cumulus
train\000048_jpg.rf.aed3dffcfba324c24550ebb580e8c292.jpg,Cumulus
train\000025_jpg.rf.ffc4b463ecff389401fbf1fcf199aabd.jpg,Altostratus
train\000027_jpg.rf.a43d8039791fef7e3319249b91eade5a.jpg,Cumulus
train\000017_jpg.rf.09b91bcb78da931cb9e685c67bbc76a0.jpg,Haze
train\000021_jpg.rf.c62cdb7244c168279cd777b2e4d8bf1f.jpg,Cumulonimbus
train\000027_jpg.rf.8760f2b25af557ea7480fe46b158f3dc.jpg,Altostratus
train\000021_jpg.rf.966d8a225aaac3fa3e2eadbedd3d1be1.jpg,Cumulonimbus
train\000009_jpg.rf.c47feb9a02505324329815d4cb0b848f.jpg,Cumulus
train\000080_jpg.rf.7da8177f286b31a845c66569e9e6fd09.jpg,Cumulonimbus
train\000001_jpg.rf.ea30daa5e2887d190ce1221b0843abab.jpg,Cumulus
train\000022_jpg.rf.3692c7e688f6b654758503117144de7c.jpg,Altocumulus
train\000058_jpg.rf.536a8c1fe02c1b3476d23618817e7a7e.jpg,Cumulus
train\000021_jpg.rf.966ae39d01c9b720d21aa41f53e16de5.jpg,Capcloud
train\000023_jpg.rf.c82017210f680d111810e94bc4eedaa0.jpg,Altocumulus
train\000036_jpg.rf.873497bde977f4d23ca33f53578b3aa2.jpg,Cumulus
train\000010_jpg.rf.199c0bd392115dc4974f88e913bc166e.jpg,Cumulus
train\000049_jpg.rf.a484eb9d59cb56aa876ce078e2d2f5fd.jpg,Cumulus
train\000032_jpg.rf.ad90ce364016d0e6cf553d2fa7b55f57.jpg,Cumulus
train\000024_jpg.rf.cd77fd62cbf60e3a5679f8ca2e3c2972.jpg,Cumulus
train\000027_jpg.rf.98959442ce95436ef9ed0597f83313ae.jpg,Altostratus
train\000022_jpg.rf.7aeb02dc9fb6f9f8bab07d060d086420.jpg,Altostratus
train\000057_jpg.rf.642218dd05abd416ad752e1d23a7d02f.jpg,Cumulus
train\000002_jpg.rf.ddfa41e5a085d00981dccf897efe3ebe.jpg,Cumulus
train\000032_jpg.rf.9ff9677f5391a48e91fa043690032a48.jpg,Altocumulus
train\000057_jpg.rf.0aced4a29285a1bf4f70bd058bc9cca1.jpg,Cumulus
train\000027_jpg.rf.155c82b8191cc81908856a506e1c041a.jpg,Cumulonimbus
train\000017_jpg.rf.feb40dfed88b903ca03049047bc403ef.jpg,Haze
train\000012_jpg.rf.bfde151acb873abcc058fdf9f134bf8c.jpg,Haze
train\000033_jpg.rf.d1bd28fcee94b48079915d22c2b46070.jpg,Altocumulus
train\000068_jpeg.rf.6a57008bf02ccd9bc7f1c826e80599cf.jpg,Cumulonimbus
train\000029_jpg.rf.0cfa698274b20c9d9a66b3476ebe1050.jpg,Altocumulus
train\000069_jpg.rf.4a6eccad94f214a72a1ee8189626fc0a.jpg,Cumulus
train\000019_jpg.rf.bf4171a552a4cbd1effdc708e6fc90d3.jpg,Cumulus
train\000057_jpg.rf.fa93462fe90dcc7cf024720a61fce59b.jpg,Cumulus
train\000026_jpg.rf.bfaab6a37138c90db8b70abf31dd8909.jpg,Cumulus
train\000020_jpg.rf.83074d50064441cffc5daf86c4c7d092.jpg,Cumulus
train\000012_jpg.rf.7de810871fc17ea8d90cc9c8a5971cdb.jpg,Haze
train\000047_jpg.rf.287466898b5402b92838d699d522d68e.jpg,Cumulus
train\000027_jpg.rf.9b901ba1463c69ebd302f083f93d2e1d.jpg,Cumulonimbus
train\000068_jpeg.rf.766adc6b9061de086f23e61a934660dd.jpg,Cumulonimbus
train\000023_jpg.rf.c28ba59b0d2e620acba72a2d1c3122fe.jpg,Altocumulus
train\000032_jpg.rf.029f4cfea07d64f82ded0b4bfeeba533.jpg,Altocumulus
train\000033_jpg.rf.5d47bd91b2658b531286203926b04b5c.jpg,Altocumulus
train\000069_jpg.rf.3e8877c5e57923695a22d8ae37e517bb.jpg,Cumulus
train\000033_jpg.rf.e97b4f32b59728f73329617e4654b181.jpg,Altocumulus
train\000040_jpg.rf.e135c78f2202e6e7229b004afcdac9ba.jpg,Cumulus
train\000007_jpg.rf.1347fc38bc29dbd7b669ac742390b0c0.jpg,Haze
train\000068_jpeg.rf.5436849bb4396d5afa97bce75d8b0cd0.jpg,Cumulonimbus
train\000069_jpg.rf.5d589d57e386673109621c7ddcc0a895.jpg,Cumulus
train\000027_jpg.rf.7829f1497fca14d342559a4daa59e048.jpg,Cumulonimbus
train\000007_jpg.rf.3ac21bee91d0fd7cc69028dfb0dd284e.jpg,Haze
train\000008_jpg.rf.34727215aa9303a297f4799b21107ec4.jpg,Stratus
train\000047_jpg.rf.b666241c0d0c52aeaade9a5172374330.jpg,Cumulus
train\000007_jpg.rf.c933aa3c197706ade59bf7a00ff496c5.jpg,Haze
train\000025_jpg.rf.dbde84493a117cebbf82d48eb4d5e962.jpg,Altostratus
train\000012_jpg.rf.62c79fa94ba3743688e9dd02871edc48.jpg,Haze
train\000075_jpg.rf.caf4026a13d2ec0691d0a95ba086b0ed.jpg,Stratocumulus
train\000026_jpg.rf.773db9f4951ffcd5e76b6bd1190384a1.jpg,Shelf
train\000037_jpg.rf.6cb50540016029d0115ba4b4594aa1ce.jpg,Shelf
train\000063_jpg.rf.5812a1fdb1fe818c18cb88a13813acef.jpg,Capcloud
train\000053_jpg.rf.c43044348b826d0015af190ea3f1b870.jpg,Capcloud
train\000039_jpg.rf.986627b3d8b85f3ca2ea74fead522451.jpg,Stratocumulus
train\000062_jpg.rf.63bf989141fc25872cd9ba91e2878b92.jpg,Altocumulus
train\000019_jpg.rf.56ca2c1e8e825c425a326a29c1c8d32f.jpg,Stratocumulus
train\000014_jpg.rf.2eb6fc51920228fe95116c0a6e937e60.jpg,Stratocumulus
train\000018_png.rf.88d075130d1e5f78d2096e0a625af919.jpg,Shelf
train\000057_jpg.rf.1e1fb8dc1d1714d4afd35b6a8bdf88c4.jpg,Capcloud
train\000056_jpg.rf.be11a6f497a452f5755dbaa9cc79af37.jpg,Capcloud
train\000026_jpg.rf.387f6a653bf41ef634e156f70bb32f35.jpg,Shelf
train\000027_jpg.rf.a466b446cc416e14d0d72348dfce63b4.jpg,Shelf
train\000056_jpg.rf.a2cc2cbf75ce638f716b6bbf378a3603.jpg,Capcloud
train\000013_jpg.rf.1c8ff9c6c4161c0de396d1ebb8af2a88.jpg,Nimbostratus
train\000034_jpg.rf.0f2f8bf30e054977e003992fbb8cd352.jpg,Shelf
train\000057_jpg.rf.d3ff6d5707f1aec8a4e745b66700928c.jpg,Capcloud
train\000019_jpg.rf.aee6a90095187a82012e1e4139db2c59.jpg,Shelf
train\000014_jpg.rf.a74c95b2f2ca75440a580b3d1ce328d0.jpg,Nimbostratus
train\000021_jpg.rf.3d54a225dcdfd58f63ac0b578eb58512.jpg,Nimbostratus
train\000008_jpg.rf.0892ed6e165e509657621c093666f839.jpg,Stratocumulus
train\000041_jpg.rf.70bd3780ed01333f9c95d267136c4e02.jpg,Nimbostratus
train\000041_jpg.rf.3f40dd6fb4ee604ecf6eb8610c96ffc2.jpg,Nimbostratus
train\000059_jpg.rf.34c747309b12e3505bd99986f84eb7d3.jpg,Altocumulus
train\000032_jpg.rf.0517721dfea3daf75b0ab82e75e699ca.jpg,Shelf
train\000070_jpg.rf.5918cf270fcc9d44293dc4ba49db45c8.jpg,Shelf
train\000031_jpg.rf.4e5a6517abb4291e5d2d114ff5481c48.jpg,Shelf
train\000018_jpg.rf.235855bb8b7db4775572588d13e328cc.jpg,Stratocumulus
train\000016_jpg.rf.3f023fb05c6c1103f6dc6792d1155bb0.jpg,Shelf
train\000002_jpg.rf.945c888183f0619464f2f50bc227bed7.jpg,Stratocumulus
train\000064_jpg.rf.50de4e32e86ab11ecd4293040f619ab1.jpg,Capcloud
train\000002_jpg.rf.ed33aa75736176f5e884e55ca713a2b5.jpg,Stratocumulus
train\000040_jpg.rf.3b1d00fce71459eca48cbff9726fb6ff.jpg,Stratocumulus
train\000015_jpg.rf.d21d5c41a2764f8cc99db0f41aa17b87.jpg,Stratocumulus
train\000060_jpg.rf.35817d35de3cfdf805c5a2108167946e.jpg,Capcloud
train\000039_jpg.rf.ea71b01391f082b21a27ec8124a66847.jpg,Shelf
train\000036_jpg.rf.fb01963cb3b262c1c21bad5a68a874a0.jpg,Shelf
train\000046_jpg.rf.d8d4ab1bd2bba19ee4fd84076fc62d8a.jpg,Altostratus
train\000040_jpg.rf.79478d8bdae8c67a5230f92539fa2b08.jpg,Stratocumulus
train\000063_jpg.rf.98e3f8ceb887fe602b3d27b9f6947706.jpg,Shelf
train\000062_jpg.rf.902b082b58b2f0c4d2a9f222dd209267.jpg,Capcloud
train\000054_png.rf.fbfbbe264707e7af16eaa2f92fad649a.jpg,Altostratus
train\000017_jpg.rf.d047987ba4a195dc4c1ed6ef943f7289.jpg,Nimbostratus
train\000016_jpg.rf.3ea0b699e1036f231035f26366d6305c.jpg,Nimbostratus
train\000070_jpg.rf.349a5c333d5ac9fe354c0644f0c1165a.jpg,Shelf
train\000029_jpg.rf.36357a5e687a721e515a381655bf87fa.jpg,Capcloud
train\000060_jpg.rf.7f6904102fff78c09ba2be67af020fc3.jpg,Capcloud
train\000027_jpg.rf.27e5ee3206b7a50bc637a11e69dcf47d.jpg,Shelf
train\000063_jpg.rf.8dcd4cc0bbf392a8d006e4cd489e1907.jpg,Altostratus
train\000009_jpg.rf.186cbd4af9aed62de9f032e57d9ad8f4.jpg,Shelf
train\000063_jpg.rf.883d6b13ec0b63954acfd7da76afc2a4.jpg,Altocumulus
train\000005_jpg.rf.a65d998a11cbfa54cba3a4863c2ef90b.jpg,Stratocumulus
train\000005_jpg.rf.553379a6dae9e9f9d8eab86bd33e31ba.jpg,Shelf
train\000020_jpg.rf.c7f023c53ed46d8121422e36109d5099.jpg,Lenticular
train\000017_jpg.rf.a76d5daa70be1b1fa50d907b1587fc80.jpg,Stratocumulus
train\000063_jpg.rf.01b167ade85fb68466ae504925570823.jpg,Altostratus
train\000039_jpg.rf.adda551e9c8417989fe3cc7aed42d946.jpg,Stratocumulus
train\000027_jpg.rf.7df905514e3c5a205e851ae470255983.jpg,Lenticular
train\000063_jpg.rf.16ae0cd2bc742387f3ba862c758c3140.jpg,Altocumulus
train\000036_jpg.rf.0c360df42a03e9543171621c8521abb2.jpg,Shelf
train\000033_jpg.rf.403e1115b031f66ad1c4b9bdccbd0c24.jpg,Altostratus
train\000020_jpg.rf.e222d9bbe25f42a03b915c8bbae5985d.jpg,Nimbostratus
train\000027_jpg.rf.f16fe3c5e7d467f837390f85f27fe915.jpg,Stratocumulus
train\000042_jpg.rf.34abcbc135192b52a56f3cfd83765ad4.jpg,Shelf
train\000043_jpg.rf.c924c2f486acd2a91434752634ddc7f4.jpg,Stratocumulus
train\000021_jpg.rf.8e6532e0bbaa8c4fe375d61b18d526a1.jpg,Stratocumulus
train\000002_jpg.rf.0de6b4d472c65e4ccc5b90d4c8a5d7c2.jpg,Stratocumulus
train\000027_jpg.rf.72ee06c81c570128161c089dd7d210df.jpg,Stratocumulus
train\000031_jpg.rf.e8629bcaffec9992d8d1ce9959ff6a88.jpg,Altostratus
train\000055_jpg.rf.f7045aecb843257bc4d703fba3ae4bce.jpg,Stratocumulus
train\000006_jpg.rf.1226fcdf66f55f3fe8bc2c0727706e11.jpg,Stratocumulus
train\000057_jpg.rf.a7ba55afb1739255b46e26373271fb74.jpg,Altocumulus
train\000064_jpg.rf.b292d521b40cd278fbc7a42fad726937.jpg,Stratocumulus
train\000059_jpg.rf.2af294b22f6374dbfcf0abc213b5d444.jpg,Stratocumulus
train\000008_jpg.rf.2ad284e117bbb582fa55c28e0467b969.jpg,Stratus
train\000002_jpg.rf.4f615950b0599d1d6579904333538861.jpg,Stratus
train\000049_jpg.rf.3d4d33781f80bf973633e726d852178f.jpg,Shelf
train\000063_jpg.rf.5901e6f3af69c29cb564548b412e75b7.jpg,Stratocumulus
train\000048_jpg.rf.5ad860245ea50b3d45b9d7b21ea89c12.jpg,Altocumulus
train\000066_jpg.rf.39c96bbf44d450540aa147b8a703907e.jpg,Capcloud
train\000067_jpg.rf.579a5d45b6b51140db39adacd2130a8a.jpg,Stratocumulus
train\000056_jpg.rf.b322e5777990619277ea891d311b7f72.jpg,Altostratus
train\000050_jpg.rf.0c7f86f90a579d1d690822b36ce18061.jpg,Altostratus
train\000070_jpg.rf.bc849332ee459936042b69212a021e79.jpg,Altostratus
train\000070_jpg.rf.e8700469a90358009a9202dadffac875.jpg,Altocumulus
train\000030_jpg.rf.1d6c5d82bb26e4bdc2ad911cab56130e.jpg,Lenticular
train\000022_jpg.rf.d49c378efebca7558d7230499ee34e34.jpg,Stratocumulus
train\000068_jpg.rf.41a7e5fcaa7f68070bd991ada37a2e3f.jpg,Altocumulus
train\000075_jpg.rf.965281b0ace278937d53aa4a361135d0.jpg,Stratocumulus
train\000048_jpg.rf.381812f44c54631f2426088a1568fc83.jpg,Altostratus
train\000030_jpg.rf.51ecbf370dab88174aee9958afeb30f3.jpg,Capcloud
train\000029_jpg.rf.86095ea1e4de5e9435c975ade064fa14.jpg,Lenticular
train\000021_jpg.rf.24336b05e7e593443a09dba2791ca134.jpg,Lenticular
train\000009_jpg.rf.12d303084a858fce4ca37b31dfc79ae5.jpg,Shelf
train\000039_jpg.rf.df715a94ec30d9872165e21faa805f5c.jpg,Altocumulus
train\000048_jpg.rf.9a3d53c5ac069e9c77fae045c32665c7.jpg,Nimbostratus
train\000034_jpg.rf.dd7c9fb7d3b71d3a511f9ab7c0dc7fb0.jpg,Lenticular
train\000047_png.rf.c9dea6d7c2a5a986d2e424b0973fb676.jpg,Stratus
train\000011_jpg.rf.2d4936bc9740480a341583070f3394c5.jpg,Stratocumulus
train\000073_jpg.rf.c0409542dbe27ac1d9355a72afc7880c.jpg,Altostratus
train\000076_jpg.rf.691e37a657d71b3b0ff9600a381e4d2f.jpg,Stratocumulus
train\000004_jpg.rf.0d73f45241fab7907f384d548cb7d863.jpg,Stratus
train\000037_jpg.rf.51bc1f358981cea1c0dfbbd025efa043.jpg,Shelf
train\000052_jpg.rf.0139c51b639763ba5e90d01df0e5e3ee.jpg,Stratocumulus
train\000038_jpg.rf.c3b5113e190c9589113110603eb88505.jpg,Nimbostratus
train\000044_jpg.rf.37d369d9137a673d6f8b8dcb75829a46.jpg,Shelf
train\000052_jpg.rf.07591c921a5119b0be8015362afa188c.jpg,Altocumulus
train\000035_jpg.rf.1bd8b8d43d3e15f76543139f0deab12e.jpg,Shelf
train\000049_jpg.rf.a23f9d3b48e23631ed8f59bbf61375e8.jpg,Nimbostratus
train\000021_jpg.rf.6399b35eae95354c1ad1b19e28f213c2.jpg,Shelf
train\000045_jpg.rf.0baaa41470bcb3287c3ec8b306641b83.jpg,Stratocumulus
train\000049_jpg.rf.ff3cca4773cb5f89e7e96dc6b08217e7.jpg,Capcloud
train\000021_jpg.rf.c83cb1809276d2bcbe26e549a195c910.jpg,Shelf
train\000011_jpg.rf.b84f05a97d0af2a39d241f8f35c1140a.jpg,Shelf
train\000051_jpg.rf.48ecccce23d4e81fef58f80fac911df6.jpg,Stratocumulus
train\000061_jpg.rf.1294fef2b4f0fe6581e519ecffb114fb.jpg,Altostratus
train\000018_png.rf.6c0686b50b1435ac241e5f450f66beec.jpg,Haze
train\000065_jpg.rf.786a46de61959f1defdb11282365a5be.jpg,Capcloud
train\000044_jpg.rf.d64b5be990bc362117f2f75b55c4100e.jpg,Nimbostratus
train\000054_jpg.rf.393237f9f8cae0d1b60d54f0f7e07ff9.jpg,Nimbostratus
train\000067_jpg.rf.4afb1825bd70ed8b83c887ff49375ecc.jpg,Altocumulus
train\000001_jpg.rf.815c39cbb686c44a39080322a0b5d804.jpg,Shelf
train\000052_jpg.rf.816e0d67b23c023be091ebc3843b9a44.jpg,Nimbostratus
train\000043_jpg.rf.a6fe80b0c1fc1b5a2b65e9d7a1253124.jpg,Nimbostratus
train\000023_jpg.rf.bd03ab0a9e712e7792b2f8253a8fcea1.jpg,Lenticular
train\000064_jpg.rf.3598176dc0cfb7521503028fd2907deb.jpg,Altostratus
train\000061_jpg.rf.ab1704e04da61e5b64925e1e1df4ed27.jpg,Altocumulus
train\000008_jpg.rf.01ee5c66100caa4fac203867b1c8dd05.jpg,Stratocumulus
train\000060_jpg.rf.2edd1e29dbc89c9261048ad6ada43cc7.jpg,Haze
train\000059_jpg.rf.bff6e493ce84c436278684eb8349f932.jpg,Nimbostratus
train\000054_jpg.rf.99461d6f6d980c6ab6122f80f44dffbc.jpg,Stratocumulus
train\000022_jpg.rf.ab2106816783a8c9fff6e58802e0cdd0.jpg,Nimbostratus
train\000051_jpg.rf.4a3e65aa3152c27d8fe65a3815e67f45.jpg,Altocumulus
train\000029_jpg.rf.4f177efd48a164154e55cd3e072ac8cf.jpg,Altostratus
train\000049_jpg.rf.c3d0bec63639ce08b37214dfce393a3b.jpg,Altocumulus
train\000034_jpg.rf.b2a6b11f26133581679479bdb09b1eff.jpg,Altocumulus
train\000070_jpg.rf.fde12395de97c628da2df710819e0633.jpg,Nimbostratus
train\000027_jpg.rf.ee57f22d57bd57d5218510b9775c7629.jpg,Nimbostratus
train\000049_png.rf.2cceef1a173c3855039982608f81c0eb.jpg,Capcloud
train\000029_jpg.rf.433869cab53f319b1df6f2800d852d5d.jpg,Nimbostratus
train\000001_jpg.rf.b99a0769be1c453aa66b301d8cc192f3.jpg,Lenticular
train\000052_jpg.rf.d9af228f04950a9b568310273281c650.jpg,Altocumulus
train\000024_jpg.rf.5e59ac22c1cc1b188e804d7932b9088b.jpg,Nimbostratus
train\000020_jpg.rf.80944e9d26befdfa63ec28be8a439a1c.jpg,Lenticular
train\000038_jpg.rf.a6bb66ec2838336e6f81809173c78924.jpg,Nimbostratus
train\000068_jpg.rf.a7583dfc2a729765fb922179ed6a8230.jpg,Nimbostratus
train\000001_jpg.rf.a849ef799bd984bb643a977112e883b8.jpg,Shelf
train\000045_jpg.rf.855640915f04ba7eb574194ccb1b3e87.jpg,Capcloud
train\000053_jpg.rf.449294fb35eeea59985d67f66b3a54c0.jpg,Altocumulus
train\000026_jpg.rf.33e318aa2bd9e90ad8ac34cc4bbdaefd.jpg,Lenticular
train\000002_jpg.rf.e1214f7c7f128b5d79b215ddddba53f3.jpg,Lenticular
train\000035_jpg.rf.bb8e918204a9100c81fe7d70ba42f887.jpg,Nimbostratus
train\000050_jpg.rf.901c3377372286e8b8681eb315952269.jpg,Altocumulus
train\000023_jpg.rf.99b5c302085bd00cd78eb5a1f60789b9.jpg,Lenticular
train\000052_jpg.rf.62b5f2110de3b489020217632cc1f117.jpg,Nimbostratus
train\000050_jpg.rf.3f2c2fdbfdf2a66783b2388b49244570.jpg,Stratocumulus
train\000021_jpg.rf.dba0599f75c428b78171a665f242bb84.jpg,Lenticular
train\000023_jpg.rf.cdcfe528f98b5eb8d5b6ae08b8d14784.jpg,Nimbostratus
train\000070_jpg.rf.dfaabbde4c539eb487406b05f693f632.jpg,Nimbostratus
train\000029_jpg.rf.8738dd4df9ea933589afa84d1e19160d.jpg,Capcloud
train\000026_jpg.rf.84900109954b94eb6131fc2104b815d6.jpg,Shelf
train\000019_jpg.rf.0c4e4f7fc214e5498f8f44e30f71da74.jpg,Nimbostratus
train\000036_jpg.rf.294ede54478db27fcdcf28522d23f248.jpg,Nimbostratus
train\000045_jpg.rf.3537efd68794ae068bcc4ec561a2ee26.jpg,Lenticular
train\000050_jpg.rf.c61048ee3f97893613fd8dfb5f5e31fe.jpg,Altostratus
train\000011_jpg.rf.fa63b6ad9ac162f017070ab202300772.jpg,Shelf
train\000027_jpg.rf.448ca46a03d98b270745cacc0d88865b.jpg,Shelf
train\000056_jpg.rf.4339c2d158f454770d0a5d053eec73c4.jpg,Capcloud
train\000065_jpg.rf.2a82c913bc5bacfef63c0bd9653fe42b.jpg,Lenticular
train\000001_jpg.rf.e9ada610334000dfed79d366215ccb02.jpg,Nimbostratus
train\000019_jpg.rf.98ed052261c9a5bef0fc2848c265b15c.jpg,Shelf
train\000005_jpg.rf.5f79cd34f4a89d96f5ad6cb11d5c3d8b.jpg,Shelf
train\000046_jpg.rf.577abcb9ab553d635c0bb2918982039a.jpg,Lenticular
train\000031_jpg.rf.309fa9ed68bddee9ff721c0f17f8b785.jpg,Shelf
train\000004_jpg.rf.dd4584e85f42e29ecebcecc15f5aa5c0.jpg,Nimbostratus
train\000053_jpg.rf.894bb479233d9f368ee217fe1c0b3d65.jpg,Capcloud
train\000076_jpg.rf.e2c21c9a97134daa0f610a283f96ca5e.jpg,Lenticular
train\000026_jpg.rf.ffcc54bbd20d1dfdb74921aafbd0293a.jpg,Lenticular
train\000041_jpg.rf.9f32430ad02c5aedbf9d8b93092913e0.jpg,Altocumulus
train\000049_png.rf.0068a5d1bf9814247650cbdd15466e25.jpg,Lenticular
train\000002_jpg.rf.693fc96421a44e7bcf2b4972d307f3fe.jpg,Nimbostratus
train\000034_jpg.rf.8df07f831234276a7e9496b64fb50599.jpg,Shelf
train\000033_jpg.rf.7d32e70af0fe2e67491ec8ad3f6732ff.jpg,Capcloud
train\000032_jpg.rf.0c29160284c5acfe758498c4f92e297e.jpg,Shelf
train\000018_png.rf.752866a15ebada7d96a52065c1251395.jpg,Shelf
train\000054_png.rf.cf33521b2cb67061de30928308966414.jpg,Lenticular
train\000042_jpg.rf.17afdb5dd694de9dd1d23a0185dcb370.jpg,Lenticular
train\000059_png.rf.1e5078dabf05b59818e059926e1a3730.jpg,Altostratus
train\000027_jpg.rf.a55ef7a39493b05d0a4bbf70499b600d.jpg,Lenticular
train\000044_jpg.rf.19b59f533bf12063c98d8d14d53f37ea.jpg,Lenticular
train\000049_png.rf.be915064e472d8b90ad362cfa110100b.jpg,Capcloud
train\000069_jpg.rf.750cc21811357f8c0e35500b99724dd0.jpg,Lenticular
train\000073_jpg.rf.a352578fe23a088399c7e53123ac73ba.jpg,Lenticular
train\000041_jpg.rf.694c8f58349ebc7b20af68132045d139.jpg,Nimbostratus
train\000037_jpg.rf.afed69405638240e9b298f0e1cae0362.jpg,Lenticular
train\000029_jpg.rf.d5ea882b7f22d2c77cac45b5df8eed2a.jpg,Lenticular
train\000042_jpg.rf.472a42dedaf0fd454d343936e7d1b3e7.jpg,Altostratus
train\000034_jpg.rf.2642515b8247081a8fba0b6c4ebd1729.jpg,Lenticular
train\000034_jpg.rf.3fcddbd7735c184fb578212f51e130ab.jpg,Altostratus
train\000050_jpg.rf.19d6700e5c378b5a2c1fc7915d95d0a4.jpg,Stratocumulus
train\000042_jpg.rf.3e60bc9b86dda030e9bb9190c65db7b6.jpg,Shelf
train\000005_jpg.rf.2d1f2979138462af905e57db87b64cf6.jpg,Nimbostratus
train\000049_jpg.rf.483a0f1afe75df8c7d67a63593505226.jpg,Shelf
train\000042_jpg.rf.9de05962ed9444d5cc6f58a167940479.jpg,Shelf
train\000033_jpg.rf.e274988519392be7027bd942a547452d.jpg,Altostratus
train\000041_jpg.rf.bfee7be5f12ae446c0fe6f80dd74bbc0.jpg,Altostratus
train\000056_jpg.rf.c563bfdcb3a30080cdb8ca84c69c5958.jpg,Altostratus
train\000011_jpg.rf.8b433e0d60682ea477557ed4402357de.jpg,Stratocumulus
train\000039_jpg.rf.2bb00366c215e65e06951b817ac89687.jpg,Altocumulus
train\000016_jpg.rf.857195e1e2ac899071b46b5198a75c3c.jpg,Shelf
train\000054_png.rf.4297a9b055c4a171d6dcfe06d99e4d8f.jpg,Altostratus
train\000039_jpg.rf.72117f6b2f4251d20fc19055897cda35.jpg,Shelf
train\000030_jpg.rf.0ed2bc1bf29676801293f85f101d31d7.jpg,Capcloud
train\000056_jpg.rf.3beb1feeadd29218c453a7f997f2eef2.jpg,Stratocumulus
train\000021_jpg.rf.29a6f433f1c623bba00121822c44ae9d.jpg,Shelf
train\000054_png.rf.e8ceabf78af45fd010174c70c4dedfbd.jpg,Altostratus
train\000057_jpg.rf.f6ce0e75b59406e47220de7790992411.jpg,Altocumulus
train\000044_jpg.rf.34fd6029a553fe5acf4817ee6dba9569.jpg,Shelf
train\000030_jpg.rf.24fdc7b113201fbbedc65291794db321.jpg,Lenticular
train\000043_jpg.rf.d9ab0193846449f40a7224c51b47ecd8.jpg,Stratocumulus
train\000063_jpg.rf.63a854b16f79814b6251fe07b906a61a.jpg,Capcloud
train\000064_jpg.rf.5efcfc4e3a974caa4935110f02f98ed8.jpg,Altostratus
train\000019_jpg.rf.f87aff422c7dc17448e1fcd60319dad7.jpg,Stratocumulus
train\000044_jpg.rf.8edea6bb943b968e5b013912025cf7a6.jpg,Shelf
train\000015_jpg.rf.e869ceaa4ae6bf4d510ad2f172898f17.jpg,Stratocumulus
train\000009_jpg.rf.d9847a4b20a229f27e07a6fd51a22af4.jpg,Shelf
train\000065_jpg.rf.098565ae258887e90d703765e7769f69.jpg,Capcloud
train\000064_jpg.rf.a0c0fa6ce48c3ab142375052e43b7299.jpg,Capcloud
train\000019_jpg.rf.9236d3cd1b71d3581d105293f9ce6c34.jpg,Shelf
train\000037_jpg.rf.7b2c84824526c63278c3e76e3175a8f5.jpg,Lenticular
train\000062_jpg.rf.4ceef5f2eab1e0b2f5d8f68d1b111f5a.jpg,Altocumulus
train\000037_jpg.rf.68587f96aff600936b468b7445c92d2e.jpg,Shelf
train\000018_png.rf.909dd99a3eaeee59e96ed4817cda98a0.jpg,Shelf
train\000061_jpg.rf.720094234d4aef8d2b1fffe2dda9065a.jpg,Altostratus
train\000021_jpg.rf.043b9635702a0a3e4dcf0e1fbc8f94a7.jpg,Stratocumulus
train\000054_jpg.rf.f70679898f8bdae801394b93ac3c5129.jpg,Lenticular
train\000059_png.rf.1f6e61a2ba7c23450f7eb9ee26ecbc75.jpg,Altostratus
train\000022_jpg.rf.4cb0c709861485a4017526db08aa4de5.jpg,Stratocumulus
train\000014_jpg.rf.cef456f83992b4af302cd2ee71ab3990.jpg,Stratocumulus
train\000045_jpg.rf.42669cf3e4f26ec72209cfd014961d8a.jpg,Stratocumulus
train\000018_jpg.rf.3e568496f6cfc6aa6351d9cc7cdc2ced.jpg,Stratocumulus
train\000063_jpg.rf.88fef1a0a3bc099bd0a5ca7fa676f1b0.jpg,Shelf
train\000017_jpg.rf.d9bd0a392d593b97c9e58c5500b0903d.jpg,Stratocumulus
train\000023_jpg.rf.d3e03862cfc8c317a0bdff1cab91012d.jpg,Capcloud
train\000015_jpg.rf.dfadc281d1c3dcf37bcf2d3b4f104b6f.jpg,Altocumulus
train\000067_jpg.rf.55e000c3204f88ecb625e7f179a05fe0.jpg,Altocumulus
train\000013_jpg.rf.389bfd1990b20454d6f36923220a99f6.jpg,Capcloud
train\000058_jpg.rf.88f81ecbf8c28d80956fb6078ac9f2aa.jpg,Cirrostratus
train\000029_jpg.rf.7f25090695b979f5adc20fa02f8ab943.jpg,Altocumulus
train\000010_jpg.rf.40439a302ede15be58880c9d6c788e6b.jpg,Cumulonimbus
train\000013_jpg.rf.eb8104c283c9aa174e7b956469032d2d.jpg,Cumulonimbus
train\000016_jpg.rf.f5c03102784dd7840f60eea71f2c2006.jpg,Altostratus
train\000047_jpg.rf.bac9f59c47a46f0a5126bbddfd95b0b0.jpg,Cumulus
train\000005_jpg.rf.5fdb8a34386bd7707a6cb8de46bb79ec.jpg,Cumulonimbus
train\000012_jpg.rf.93773e8659b3fb18daf8641d735f7449.jpg,Cumulonimbus
train\000015_jpg.rf.eb59ed9f3f0d90cc24401345d7cb908a.jpg,Cirrocumulus
train\000006_jpg.rf.454f7ee0f399b12d739b5284c8deddec.jpg,Cirrocumulus
train\000014_jpg.rf.8caf000e4b393e1d29c3024ca75149fb.jpg,Capcloud
train\000032_jpg.rf.8857c4b793f816955fbacd056a9bfd96.jpg,Cumulus
train\000021_jpg.rf.118e30c84ee06c0ad8f020fe73fcc422.jpg,Cirrocumulus
train\000006_jpg.rf.c093ad59d35f93cb15852591e588a7df.jpg,Cirrocumulus
train\000022_png.rf.259813e142cb10cb012ad3bf679f3576.jpg,Cirrocumulus
train\000013_jpg.rf.dd1961d1ad7f64132c2bdb2042f17c54.jpg,Cirrocumulus
train\000040_jpg.rf.935490000a06a4903aee1a8aa391b533.jpg,Cumulus
train\000019_jpg.rf.c1f61d5f4ae91f835a450ae030f80de8.jpg,Cirrocumulus
train\000047_jpg.rf.773b1aa7318f421238aa9bfa3a3a808f.jpg,Cirrocumulus
train\000005_jpg.rf.52f1907576ecc4daf91b2997e2309793.jpg,Cirrocumulus
train\000015_jpg.rf.91929ce993b39ad29356ff4159603046.jpg,Capcloud
train\000025_jpg.rf.a87317c3854f92f5e0c8bb0045ec6915.jpg,Cirrocumulus
train\000048_jpg.rf.c1f34da6966ce606fb19064b2a2cd480.jpg,Cirrocumulus
train\000018_jpg.rf.536980f1f3df86b3c17ba788e6006a22.jpg,Cirrocumulus
train\000036_jpg.rf.4a2349eddbd56022f627bbe385dfd268.jpg,Cirrocumulus
train\000008_jpg.rf.5d457a6225710b3027d8fee0b07a45dd.jpg,Cirrocumulus
train\000037_jpg.rf.9ff3de6444c9bfd385ab5d686d70dd9c.jpg,Cirrocumulus
train\000004_jpg.rf.2b4ab7b068c36c6459a03e85253e1b0e.jpg,Capcloud
train\000002_jpg.rf.32b8e7bd770d698ccb7caec122daa5c2.jpg,Capcloud
train\000004_jpg.rf.b8e4e079bd2d0103d96b4d21546db353.jpg,Cirrocumulus
train\000050_jpg.rf.3dbef9455d6fbcedefef41b0c4dcedd7.jpg,Cirrocumulus
train\000008_jpg.rf.adfe94494cce4c7c9900591728e7e579.jpg,Capcloud
train\000016_jpg.rf.88f950b255fe5850baeefd080ade306c.jpg,Cirrocumulus
train\000003_jpg.rf.7c23333686f6120cf1598a9863c1a4e5.jpg,Altocumulus
train\000008_jpg.rf.013a4194cdae20d0703bf6522990a835.jpg,Cirrocumulus
train\000044_jpg.rf.fbe92426fd7155886727a4380a47fc49.jpg,Cirrocumulus
train\000003_jpg.rf.31cab6a223549bd4674859f018db35e1.jpg,Altocumulus
train\000025_jpg.rf.61b60038fc7752726968a372e7f8faf6.jpg,Altostratus
train\000001_jpg.rf.a51ead849d42c35e007694b8b8283654.jpg,Capcloud
train\000010_jpg.rf.d5b5c750489b206980e9e39d8060ba09.jpg,Cirrocumulus
train\000015_jpg.rf.e104b9fd2e640181af042c603aef8e60.jpg,Cirrocumulus
train\000005_jpg.rf.86e8695f9f8917905d395b78d04ef6d0.jpg,Altostratus
train\000027_jpg.rf.f84fb1b0dcd56704b3b586d883fabfda.jpg,Cirrocumulus
train\000004_jpg.rf.dc926d360bfeaf2529a2302d1199ea6f.jpg,Cirrocumulus
train\000006_jpg.rf.428dfa686e69f6f540e079864ae77915.jpg,Capcloud
train\000034_jpg.rf.ac4fc1f67fcd865b50c1c6b327fbe29c.jpg,Cirrocumulus
train\000016_jpg.rf.2e49ce1c7b5a127e8ea2c62095356da4.jpg,Cirrocumulus
train\000049_jpg.rf.08f69a9cd3780dbb7d0043565b19f4d8.jpg,Cirrocumulus
train\000041_jpg.rf.543442cdbe12c20b87f4a7414c070547.jpg,Cirrocumulus
train\000008_jpg.rf.40a5f2f9675c7b8645d6fd3dc3569ecd.jpg,Altocumulus
train\000046_jpg.rf.5591a1497e0ad09e9700dc9f8816954b.jpg,Cirrocumulus
train\000007_jpg.rf.5d27889e9527ef5dd0bb8ba22d244244.jpg,Altostratus
train\000052_jpg.rf.50d4861def4b5f4dd7f392923523a6f9.jpg,Cirrocumulus
train\000009_jpg.rf.8b050bb26a5e5be61e9c645d14da9738.jpg,Altocumulus
train\000017_jpg.rf.0a65b20770601887a902643c2c03a298.jpg,Cirrocumulus
train\000006_jpg.rf.37b3edd8bf80b7a3abdb2fed700073e4.jpg,Altocumulus
train\000010_jpg.rf.e38e12efe5f5f13c93a601e61b961c4f.jpg,Cirrocumulus
train\000032_jpg.rf.f59e856c6439ea38603f48e6420cba3e.jpg,Cirrocumulus
train\000005_jpg.rf.e53b64f063d797805feac1a9273a62ca.jpg,Cirrocumulus
train\000009_jpg.rf.54ec074eec4c3447208f84f8dbfae5f0.jpg,Altocumulus
train\000046_jpg.rf.4d1d1cf90af2461cbd5b309c828d4280.jpg,Cirrocumulus
train\000013_jpg.rf.40268a95aeec7180c076e1ddc959f01c.jpg,Cirrocumulus
train\000035_jpg.rf.1f021a18a264243e43db62c9fb9a9b76.jpg,Cirrocumulus
train\000017_jpg.rf.53a0cc28f17dc3ab87dab65ac7a95fcb.jpg,Altocumulus
train\000015_jpg.rf.d0f41ebdf5d80eab0847c83bcdaada60.jpg,Cirrostratus
train\000021_jpg.rf.6e11b63a4ca7c6cf8db92b8591ff098f.jpg,Capcloud
train\000005_jpg.rf.ccb02478087cd4c1b73911493fb60dcd.jpg,Cirrostratus
train\000052_jpg.rf.7906e49562b929e52e4c3f9de9e30245.jpg,Cirrocumulus
train\000047_jpg.rf.086d7f1fcf4c71c14b2ae677999d5108.jpg,Cirrocumulus
train\000004_jpg.rf.d8bb4f1d9deee6280ab3398ebacf84af.jpg,Cirrostratus
train\000064_jpg.rf.24fd0e5779ebf6997950cb73e841ca10.jpg,Cirrocumulus
train\000050_jpg.rf.0b9ec743ff0535813d6f32b69d8ece7d.jpg,Cirrocumulus
train\000057_jpg.rf.134a9a531beed672a91219d172d04a3d.jpg,Cirrocumulus
train\000056_jpg.rf.93098e7d17faae6cb2d405bdf1dbfea3.jpg,Cirrocumulus
train\000011_jpg.rf.991d96dcff1c1ac0b3583509c02b85c6.jpg,Altocumulus
train\000002_jpg.rf.6bbb207458b9846cad5f64625ed43717.jpg,Cirrostratus
train\000048_jpg.rf.74084b54b6042eeda0a719613b4d5a0d.jpg,Cirrocumulus
train\000002_jpg.rf.eab414d2a555737d273f0116258b486c.jpg,Capcloud
train\000054_jpg.rf.004921597638dc4909201451ce4bb84b.jpg,Cirrocumulus
train\000007_jpg.rf.fa1253c9056c6adb75e95e9d471ab112.jpg,Altostratus
train\000008_jpg.rf.bff2c3be8b3a887d4877be6b4e1dea32.jpg,Capcloud
train\000055_jpg.rf.4bf7dbf334ecf80844666767e3285c75.jpg,Cirrocumulus
train\000001_jpg.rf.2c6bcbc5c551ee5037148f48b629f4ab.jpg,Cirrostratus
train\000016_jpg.rf.2e53dc954aba21810754a7077283e15e.jpg,Cirrostratus
train\000036_jpg.rf.679ad52d0fed29bf857b9f0505d77b9f.jpg,Cumulus
train\000055_jpg.rf.3ee7b89a3522c9d5b0364d72cfc59581.jpg,Cirrocumulus
train\000013_jpg.rf.722d585bea2698e205b5475f2d23823b.jpg,Altostratus
train\000054_jpg.rf.69e80048fe0e55255843f8f70912f70d.jpg,Cirrocumulus
train\000002_jpg.rf.5944e14118fb2d78720376a9f0004cf7.jpg,Cirrocumulus
train\000049_jpg.rf.a08e472122f43b43594d947fe6dd3a6c.jpg,Cumulus
train\000053_jpg.rf.c2491d37a9239fd8e7d7e0755e1703fd.jpg,Cumulus
train\000009_jpg.rf.9e289763c0a8f18e54f3dc1063321a3d.jpg,Capcloud
train\000049_jpg.rf.a8796a3b3f5097d6c15e2269a82e3f21.jpg,Cirrocumulus
train\000002_jpg.rf.1939b80bf05c7890a19677eb80f97330.jpg,Cirrocumulus
train\000048_jpg.rf.d9f750e4a129e67d820bcc79c669e5c8.jpg,Cumulus
train\000010_jpg.rf.acc1b322ed17755312aa9399bccfb4ea.jpg,Cirrostratus
train\000044_jpg.rf.cc39bd439cb06fd67299529bfdda01b1.jpg,Cirrocumulus
train\000009_jpg.rf.fd513d1d05dd3f52292792eec4d8c50c.jpg,Capcloud
train\000010_jpg.rf.0f63fb246207c711becc6f6a8f46a4b4.jpg,Altostratus
train\000025_jpg.rf.b9320866dd14577ae2b20cc8172f370a.jpg,Cirrocumulus
train\000051_jpg.rf.d0e50581fc8bfce20d5df64eea61bed7.jpg,Cirrocumulus
train\000006_jpg.rf.0b786cc61cbb87ef44540e974befdde3.jpg,Altocumulus
train\000034_jpg.rf.66cfaf9d60c2a62d044d0431a4ff1ee9.jpg,Cirrocumulus
train\000001_jpg.rf.51764829d83308c88613c0969fd8b9fb.jpg,Capcloud
train\000032_jpg.rf.a4a150a8c46935ca382b6637b9601c08.jpg,Cirrocumulus
train\000063_jpg.rf.ca0bb6f0318fabbae20c6a871ebfac25.jpg,Cirrocumulus
train\000005_jpg.rf.eeef84f9da859299155f0eaab20898e5.jpg,Altostratus
train\000006_jpg.rf.f07a280adf3a359bce9ccacc996d4348.jpg,Capcloud
train\000035_jpg.rf.0b69068594d91b2193dedd8e40901cb4.jpg,Cirrocumulus
train\000056_jpg.rf.dd0bf92992b75207d2c1d7091baebdc5.jpg,Cirrocumulus
train\000036_jpg.rf.afe39b47587aa25c351e287d1bc4f08c.jpg,Cirrocumulus
train\000027_jpg.rf.13bca6cfa5ca7c527f95d2d930be37e0.jpg,Cirrocumulus
train\000011_jpg.rf.23b0fdeaa28f1788f027f47e1dcf5b6c.jpg,Cirrostratus
train\000022_png.rf.f64c6e33e36368adf2b3c5a1f550c84a.jpg,Cirrocumulus
train\000011_jpg.rf.6dcbb65ddf2e6dfab33dfe8372a72be8.jpg,Capcloud
train\000037_jpg.rf.59236e9276176a9b2a77631b1c520369.jpg,Cirrocumulus
train\000005_jpg.rf.c3e0bb21c8d5f458ba14d82296d92c68.jpg,Cirrostratus
train\000010_jpg.rf.fdd4cf20e35b03337b6e1e2fc1fec5b4.jpg,Capcloud
train\000021_jpg.rf.1e53dac720d444497663d3bc0fd9d835.jpg,Cirrocumulus
train\000058_jpg.rf.f7d5ebca048e1834bd5760c8ebcec01b.jpg,Cirrocumulus
train\000012_jpg.rf.0302c496f4ef461be36c621a820dc048.jpg,Cirrostratus
train\000030_jpg.rf.0ec2b80e8b41d456415b9e1c602b86b6.jpg,Cirrostratus
train\000010_jpg.rf.b0a6aa52943c3eac67e72e35305b5080.jpg,Altocumulus
train\000034_jpg.rf.b69fd8d94da967800242aa2bddf0d755.jpg,Cirrocumulus
train\000018_jpg.rf.a9ab03df937c161e98d25d3ae7268922.jpg,Cirrocumulus
train\000057_jpg.rf.1ba1bdb9abf5a2af619e930d419abd42.jpg,Cirrocumulus
train\000058_jpg.rf.6f56558901bb7b3401a52dc82f348f1a.jpg,Cirrocumulus
train\000017_jpg.rf.e5956da2cf56b26cadc2796988ccf501.jpg,Cirrocumulus
train\000011_jpg.rf.93dec3756d3ff52cac4d9ffa9098d207.jpg,Cirrostratus
train\000008_jpg.rf.6f90030f62fc9bb21a102433a0520b69.jpg,Cirrostratus
train\000014_jpg.rf.96c908db0d321bbb129b6587042bafd6.jpg,Altostratus
train\000031_jpg.rf.2ca695a8a0a21bde742f453ffe34fb70.jpg,Cirrostratus
train\000008_jpg.rf.0f9f67f99ef8f6ae3ac529d794105f4f.jpg,Cirrostratus
train\000053_jpg.rf.f919b88eedc478bc4f6032f21a995240.jpg,Cirrostratus
train\000012_jpg.rf.04adc842fd2ec66c035d47d9996cacbf.jpg,Cirrostratus
train\000006_jpg.rf.311a4de346531790561c8f3ee30550a8.jpg,Capcloud
train\000051_jpg.rf.c3b781cf7fe3b059f2c3b07292ba2469.jpg,Cirrocumulus
train\000001_jpg.rf.b500323d63611587150e5c96fa36c3dc.jpg,Cirrus
train\000008_jpg.rf.c6fdbccd567bb8c71ecf88bcd0382772.jpg,Altocumulus
train\000010_jpg.rf.28dead1b0dd34350908273776e3b798d.jpg,Capcloud
train\000010_jpg.rf.b88f41adb3132abd4801c3ac77aaf0ca.jpg,Altostratus
train\000013_jpg.rf.f0acd0e82ed9ed5715d4ff5d36c6e455.jpg,Altostratus
train\000010_jpg.rf.e215778384ae1c8d0811a30e6b4012c1.jpg,Cirrostratus
train\000025_jpg.rf.92dc7ec778338b92bebac00ff5e9ec37.jpg,Cirrostratus
train\000012_jpg.rf.303ccbd03e5c91649f1c9769a2ce9beb.jpg,Capcloud
train\000038_jpg.rf.aa1198b0ecf4e9e5e134db99f65378cf.jpg,Cirrostratus
train\000010_jpg.rf.93a491d54d42e7bc307cdd1710599bee.jpg,Capcloud
train\000004_jpg.rf.5dc9046b099e38845bfdb60db1151482.jpg,Capcloud
train\000019_jpg.rf.dfdcb73fb6eb2dfdb8294df6e5abdc2a.jpg,Cirrocumulus
train\000010_jpg.rf.299db7494fed908d3df8179006fd278e.jpg,Altocumulus
train\000045_jpg.rf.e35d3ea232218e13fd7b5e4f3fb32452.jpg,Cirrocumulus
train\000035_jpg.rf.baa1bb2508047b0f5a79749ff3b1b971.jpg,Cirrocumulus
train\000026_jpg.rf.5aa8a0fb44c18d69f30e5caf5a7f9d5a.jpg,Cirrostratus
train\000001_jpg.rf.880b976866a753f81e6d97c2eb65b559.jpg,Cirrostratus
train\000015_jpg.rf.78ddbe9d6987c5d49f10c80eb19e85fa.jpg,Cirrostratus
train\000064_jpg.rf.4ecfd1408934c41e30d1d9e832138715.jpg,Cirrocumulus
train\000063_jpg.rf.34581b9fe4c73fc28c7367a84a8cf940.jpg,Cirrocumulus
train\000016_jpg.rf.795d5296c489567297549f23b1d9ee8a.jpg,Cirrostratus
train\000052_jpg.rf.3c3588fb83da7374c1cfb6f5b7aaa320.jpg,Cirrostratus
train\000004_jpg.rf.5920113fb931c177555c5762c53a1fec.jpg,Cirrostratus
train\000036_jpg.rf.ef1a6a9eb9c5fa726820c14d825b62d0.jpg,Cirrocumulus
train\000045_jpg.rf.dffcd8bcf3f4e29be772e5e5e9d8c811.jpg,Cirrocumulus
train\000015_jpg.rf.a4246c75d2815d5d350c7a51d15d36f7.jpg,Altocumulus
train\000016_jpg.rf.02b6fd4694c491156c46b59da2abca0b.jpg,Cirrostratus
train\000014_jpg.rf.0c8471a8d36ac724e49f73210dc98aa6.jpg,Altocumulus
train\000018_jpg.rf.2073f7a9063b936f401e436a12203dd3.jpg,Cirrocumulus
train\000015_jpg.rf.864e2f641cec8b3011f89359f07079ac.jpg,Cirrostratus
train\000002_jpg.rf.48c8c1625c614ed4f56362d27da208fe.jpg,Cirrostratus
train\000041_jpg.rf.0bc024216654cfbed928a8dbb418cc2b.jpg,Cirrocumulus
train\000008_jpg.rf.ec988e317fabd7d61bd7312a28f71b99.jpg,Altocumulus
train\000041_jpg.rf.36dc0e7cf312a367143a36f1c41195e2.jpg,Cirrus
train\000001_jpg.rf.bdcd0ff5f1bbcea5fccb9f395ff0bc57.jpg,Cirrostratus
train\000001_jpg.rf.2e70fb5467c9e83a7f001f5d955c9718.jpg,Capcloud
train\000037_jpg.rf.e406b396744ab599a8609afac34b0585.jpg,Cirrocumulus
train\000013_jpg.rf.00dd8ee511aedfb8aa2525a1e0bd3dc0.jpg,Altostratus
train\000063_jpg.rf.93a543a13dd15e71896ecb9e3fafc3b6.jpg,Cirrocumulus
train\000044_jpg.rf.8ac643094a4fcca190b2d58187edd977.jpg,Cirrocumulus
train\000041_jpg.rf.8c7a061675678a48e043297e22786eab.jpg,Cirrocumulus
train\000019_jpg.rf.830fb205052deb4408da4b68c1ce1eda.jpg,Cirrocumulus
train\000014_png.rf.2ef9ac6486b97a525a224bc9aa7599ce.jpg,Altostratus
train\000002_jpg.rf.689d3401d9f7a2498a95e05f330e832f.jpg,Cirrostratus
train\000004_jpg.rf.0e50ee9497afaf63f905b7de7e50d004.jpg,Cirrostratus
train\000013_jpg.rf.20a4aad8c6333c682f0b77ec34c863c0.jpg,Cirrocumulus
train\000042_jpg.rf.ae8883a734d8fb68cf596ea19aa0d5f4.jpg,Cirrostratus
train\000012_jpg.rf.f08d2bd47e29140988519f5306ab0307.jpg,Capcloud
train\000005_jpg.rf.2c5edde6f0211545f35d2e32528b0e1c.jpg,Cirrocumulus
train\000015_jpg.rf.486b11ea12be38616c8fdf7bc7da52e9.jpg,Cirrocumulus
train\000018_jpg.rf.d1d40ff04b0bdc8a43243e9504110ae0.jpg,Cirrostratus
train\000002_jpg.rf.33cab733e61a7137ed5da16a806001ff.jpg,Capcloud
train\000004_jpg.rf.e2d4d397d119355c921232ca524e4b0a.jpg,Cirrocumulus
train\000026_jpg.rf.7d690702ff1f2f41266f05ea0986a230.jpg,Cirrostratus
train\000025_jpg.rf.9664aafdbb02b6f4f7117b0df9a1f5a1.jpg,Cirrocumulus
train\000018_jpg.rf.cdb16905a1177bfd32a714bc0f535e2c.jpg,Cirrostratus
train\000011_jpg.rf.281c48f68ad4ede7d79756cd3cb4168a.jpg,Cirrostratus
train\000051_jpg.rf.f08603c57005b8fb59a6f8fcd1039d89.jpg,Cirrostratus
train\000010_jpg.rf.ddac14cd2da4e28ca9afcfc0d674a572.jpg,Altostratus
train\000016_jpg.rf.d2d01a5ea92fa51c7a187e0f897f54d7.jpg,Altocumulus
train\000021_jpg.rf.d7abac5a98fded27a5939b865e5fd526.jpg,Cirrocumulus
train\000040_jpg.rf.e0c11d3e8a4c93b43d7639d5c6bec634.jpg,Cirrostratus
train\000002_jpg.rf.8586bbb44167b1247c354e91f5c2cebd.jpg,Cirrocumulus
train\000025_jpg.rf.0b7df3d6c6b13f21ead21a1a5c534b43.jpg,Cirrostratus
train\000010_jpg.rf.5402cdb6314a7b440cffeaedb95da681.jpg,Cirrostratus
train\000027_jpg.rf.3fba6a97ac176329528924fa5760e227.jpg,Cirrocumulus
train\000008_jpg.rf.c2391b6b4ddf46c11734e4a960bafe32.jpg,Cirrostratus
train\000010_jpg.rf.0785e5c0a632187d12a1315ea7be946e.jpg,Cirrocumulus
train\000011_jpg.rf.87db60b767d0072cfd9d092f963e13a6.jpg,Altocumulus
train\000012_jpg.rf.7c85cd12fdb3d31a5089facbb76d9e30.jpg,Cirrostratus
train\000005_jpg.rf.03b101cf9ca7380331ad2d4b8b1aaa3c.jpg,Cirrostratus
train\000004_jpg.rf.0f1a386f9351502a28667a9a6e17796c.jpg,Capcloud
train\000040_jpg.rf.0e362ea91a7b6442ed651cc1e686755f.jpg,Cirrostratus
train\000069_jpg.rf.462647e16f556b3b027d5fb40a98e0b7.jpg,Cirrostratus
train\000030_jpg.rf.3ed9173afc209b11406a0c8c18d0df2c.jpg,Cirrostratus
train\000014_jpg.rf.2a6f17084596d185a1b0589b21af9405.jpg,Altostratus
train\000042_jpg.rf.c063bcdc5fec7b8e999e9a4fd75ef0cc.jpg,Cirrostratus
train\000044_jpg.rf.cbd9492af857bcf40c7eaa9c68ec566a.jpg,Cirrus
train\000011_jpg.rf.376516816bbc88443e8f37e5d4caf20e.jpg,Altocumulus
train\000032_jpg.rf.80686936231ce3c58bf3162d7fe5a381.jpg,Cirrocumulus
train\000014_jpg.rf.3bf8b8de2e7bfe34812961bfa69ee173.jpg,Altocumulus
train\000013_jpg.rf.d9578509e4d1340d869d3194abe78d8d.jpg,Capcloud
train\000053_jpg.rf.23c6bed6751fbb88d07a69bd93784cb4.jpg,Cirrostratus
train\000052_jpg.rf.a88080d122d4b00d4bc61966317c6f9f.jpg,Cirrostratus
train\000011_jpg.rf.6c9a409823fde852a6c01fa14a0d82b5.jpg,Capcloud
train\000009_jpg.rf.2d2c2df4e46e2e178204595d228e34a4.jpg,Altocumulus
train\000069_jpg.rf.9fbf0b072d457e3050b57ceadbb366e1.jpg,Cirrostratus
train\000060_jpg.rf.38bddff9e7650c5c2ba000544ab07a33.jpg,Cirrus
train\000047_jpg.rf.b2c300c0a6261a0f38ca18b3529efad2.jpg,Cirrocumulus
train\000020_jpg.rf.e55e5835e210d71d7e1f2e8f309264fd.jpg,Cirrostratus
train\000022_jpg.rf.9497b67648a8d056a98f1b08252c031f.jpg,Cumulonimbus
train\000017_jpg.rf.82f31161d9a8ec6b7cc7c90f57dd6f17.jpg,Cirrocumulus
train\000005_jpg.rf.c0454c0aa67b7b94f840c3d1791aca14.jpg,Altostratus
train\000006_jpg.rf.93ad17be0be55133bb0a09a1dcd09626.jpg,Altocumulus
train\000014_png.rf.d555a7c08655d170cbe03f48e0e6de94.jpg,Altostratus
train\000016_jpg.rf.3bf6e476af2262b996dacc66d1512227.jpg,Cirrocumulus
train\000009_jpg.rf.382f265a02f0586b422d490fc4f6a26f.jpg,Capcloud
train\000058_jpg.rf.8325796d1154bc1dc50f85caea3bbabd.jpg,Cirrocumulus
train\000022_png.rf.83bd4df1d908fda9e579ff367067d41b.jpg,Cirrocumulus
train\000006_jpg.rf.3384248ff6216a41093cb5f9fd32194f.jpg,Cirrocumulus
train\000008_jpg.rf.42f756bf195f48bbabe011a2962b8a7f.jpg,Cirrocumulus
train\000047_jpg.rf.1542768b4eeef18f731070b63e8f4f85.jpg,Cumulonimbus
train\000054_jpg.rf.a2a9f17baca78538eeed64e08c2a9806.jpg,Cirrocumulus
train\000046_jpg.rf.b080cc55c529ddec72a534b0e4b96446.jpg,Cirrocumulus
train\000042_jpg.rf.9831a0bed3247691f54f0015eb8c2448.jpg,Cumulonimbus
train\000058_jpg.rf.12f62a8634ccb7ee6f6cbf766548a0df.jpg,Cirrostratus
train\000013_jpg.rf.66c99a9d188c868536ce345658ecc134.jpg,Capcloud
train\000055_jpg.rf.8fe4d170f3b0bc3bf657da70669dda81.jpg,Cirrocumulus
train\000045_jpg.rf.e54ed79e770d2e409b691be56f0e87ff.jpg,Cirrocumulus
train\000012_jpg.rf.6cbbe745b063e230390f5c904c4eb8fa.jpg,Altocumulus
train\000003_jpg.rf.9ec1f802120e14e2517d6c360dc5963d.jpg,Altocumulus
train\000041_jpg.rf.a482a6e7b35e840dc252010ad0925846.jpg,Cumulonimbus
train\000056_jpg.rf.f0570c7b749ddf96616ee79ece03761a.jpg,Cirrocumulus
train\000064_jpg.rf.708316f8e963ae7e0e073d981528f4ec.jpg,Cirrocumulus
train\000051_jpg.rf.7dea2b51182dbc0b04409c2dfc492594.jpg,Cirrostratus
train\000041_jpg.rf.18aeb0726d328d685e184154df5c24e7.jpg,Cirrus
